Á¶°Çº°ºÐ¼®,,,,,,,,,
[°Ë»öÁ¶°Ç],,,,,,,,,
,ºÐ·ù: Áö»ó,,,,,,,,
,¿ä¼Ò : ±â¿Â,,,,,,,,
,°Ë»ö±¸ºÐ : ¿ù,,,,,,,,
,Áö¿ª/ÁöÁ¡¸í : °­¸ª,,,,,,,,
,±â°£ : 1904 ~ 2025³â 01 ~ 12¿ù,,,,,,,,
,,,,,,,,,
,,,,,,,,,
"	",,,,,,,,,
"		ÁöÁ¡¹øÈ£",ÁöÁ¡¸í,ÀÏ½Ã,Æò±Õ±â¿Â(¡É),Æò±ÕÃÖ°í±â¿Â(¡É),ÃÖ°í±â¿Â(¡É),"	ÃÖ°í±â¿ÂÀÏÀÚ",Æò±ÕÃÖÀú±â¿Â(¡É),ÃÖÀú±â¿Â(¡É),ÃÖÀú±â¿ÂÀÏÀÚ
"		105",°­¸ª,11-Oct,,,26.2,1911-10-04,,6,1911-10-09
"		105",°­¸ª,11-Nov,,,19.5,1911-11-04,,-1.3,1911-11-26
"		105",°­¸ª,11-Dec,,,15.1,1911-12-02,,-5.6,1911-12-15
"		105",°­¸ª,12-Jan,-0.9,3.2,9.3,1912-01-05,-4.2,-9.2,1912-01-16
"		105",°­¸ª,12-Feb,2.7,7,13.3,1912-02-24,-0.8,-5.1,1912-02-18
"		105",°­¸ª,12-Mar,5.8,10.7,19.4,1912-03-20,1.6,-2.1,1912-03-14
"		105",°­¸ª,12-Apr,12.1,18.4,28.8,1912-04-28,7.1,1.1,1912-04-02
"		105",°­¸ª,12-May,15.1,21,29,1912-05-17,10.6,3.7,1912-05-10
"		105",°­¸ª,12-Jun,19,23.9,30.4,1912-06-28,15.5,9.2,1912-06-01
"		105",°­¸ª,12-Jul,23.1,27.4,35.9,1912-07-31,19.8,14.2,1912-07-25
"		105",°­¸ª,12-Aug,24.1,28.6,36.3,1912-08-02,21.1,17,1912-08-31
"		105",°­¸ª,12-Sep,18.4,23.7,30.8,1912-09-03,14.7,11.1,1912-09-19
"		105",°­¸ª,12-Oct,13.7,19.6,26.1,1912-10-06,8.5,2.1,1912-10-22
"		105",°­¸ª,12-Nov,6.3,11.4,23.5,1912-11-04,1.9,-6,1912-11-15
"		105",°­¸ª,12-Dec,1.4,5.6,11.4,1912-12-13,-2.1,-10.2,1912-12-23
"		105",°­¸ª,13-Jan,-1.1,3.1,7.9,1913-01-03,-4.8,-11.4,1913-01-13
"		105",°­¸ª,13-Feb,0.4,5.5,16.1,1913-02-21,-4,-15.4,1913-02-10
"		105",°­¸ª,13-Mar,4.7,10.5,25.4,1913-03-31,0,-6.3,1913-03-07
"		105",°­¸ª,13-Apr,11.6,17.8,25.3,1913-04-04,6.6,-0.7,1913-04-18
"		105",°­¸ª,13-May,16,21.1,31.2,1913-05-23,11.7,5.8,1913-05-03
"		105",°­¸ª,13-Jun,20.2,25.7,33.9,1913-06-10,16.1,11.5,1913-06-01
"		105",°­¸ª,13-Jul,21.3,25.2,33.8,1913-07-25,18.5,11.3,1913-07-09
"		105",°­¸ª,13-Aug,22.5,27.9,33.4,1913-08-11,18.6,13.7,1913-08-05
"		105",°­¸ª,13-Sep,19.4,25.7,30.5,1913-09-07,14.8,11.7,1913-09-21
"		105",°­¸ª,13-Oct,14.2,19.9,24.8,1913-10-01,10.2,6.3,1913-10-19
"		105",°­¸ª,13-Nov,9.2,14.8,23.3,1913-11-06,4.5,-6,1913-11-14
"		105",°­¸ª,13-Dec,1.8,5.8,13.1,1913-12-09,-1.8,-10.2,1913-12-18
"		105",°­¸ª,14-Jan,1.6,5.8,14.4,1914-01-13,-2.4,-8.4,1914-01-31
"		105",°­¸ª,14-Feb,1.9,5.9,14.6,1914-02-16,-1.6,-7,1914-02-11
"		105",°­¸ª,14-Mar,6.7,11.1,19.3,1914-03-21,2.9,-2.7,1914-03-26
"		105",°­¸ª,14-Apr,11.1,15.6,27.7,1914-04-22,6.6,-0.9,1914-04-05
"		105",°­¸ª,14-May,18.6,24.2,31.1,1914-05-17,13.7,6.4,1914-05-03
"		105",°­¸ª,14-Jun,20.7,25.4,32.6,1914-06-29,17.3,13.3,1914-06-04
"		105",°­¸ª,14-Jul,26.7,31,37.3,1914-07-17,23.4,17.8,1914-07-11
"		105",°­¸ª,14-Aug,24.2,28.6,34.1,1914-08-14,21,15.7,1914-08-30
"		105",°­¸ª,14-Sep,20.3,25.3,32.2,1914-09-06,16.8,11.7,1914-09-23
"		105",°­¸ª,14-Oct,14.2,19.6,25.9,1914-10-02,10.2,3.2,1914-10-21
"		105",°­¸ª,14-Nov,9.1,14.2,23.8,1914-11-03,4.4,-4.5,1914-11-28
"		105",°­¸ª,14-Dec,3,7.5,17.1,1914-12-01,-0.6,-6.9,1914-12-27
"		105",°­¸ª,15-Jan,-0.5,4.4,16.3,1915-01-27,-4.9,-20.2,1915-01-13
"		105",°­¸ª,15-Feb,0.1,4.7,13,1915-02-22,-4,-13.1,1915-02-28
"		105",°­¸ª,15-Mar,2.9,7.9,19,1915-03-04,-1.3,-11.7,1915-03-01
"		105",°­¸ª,15-Apr,10.1,15.4,23.7,1915-04-28,5.6,1.1,1915-04-01
"		105",°­¸ª,15-May,14.3,19.5,32,1915-05-29,10.4,4.8,1915-05-02
"		105",°­¸ª,15-Jun,21.9,26.9,33.6,1915-06-27,17.7,11.3,1915-06-01
"		105",°­¸ª,15-Jul,25.2,30,36.3,1915-07-23,21.5,13.3,1915-07-07
"		105",°­¸ª,15-Aug,23.3,27.5,32.2,1915-08-10,20.4,17.6,1915-08-30
"		105",°­¸ª,15-Sep,18.4,22.7,29,1915-09-19,15.4,11,1915-09-28
"		105",°­¸ª,15-Oct,14.7,19.3,26.5,1915-10-19,11,2.4,1915-10-28
"		105",°­¸ª,15-Nov,9.7,14.6,21.9,1915-11-05,5.6,-1.7,1915-11-19
"		105",°­¸ª,15-Dec,5,9.8,15.6,1915-12-06,0.4,-6.6,1915-12-18
"		105",°­¸ª,16-Jan,2.6,7.3,16.5,1916-01-09,-1.4,-9.3,1916-01-24
"		105",°­¸ª,16-Feb,0.8,5,11.7,1916-02-24,-2.5,-6.9,1916-02-14
"		105",°­¸ª,16-Mar,2.3,7.7,19,1916-03-29,-2,-9.9,1916-03-02
"		105",°­¸ª,16-Apr,10.2,15.6,23.8,1916-04-19,5.8,-1.7,1916-04-04
"		105",°­¸ª,16-May,16.1,22,33.5,1916-05-11,11.3,5.8,1916-05-03
"		105",°­¸ª,16-Jun,21,25.7,34,1916-06-03,17.4,13.7,1916-06-11
"		105",°­¸ª,16-Jul,23.1,27.3,33.2,1916-07-03,19.9,14.5,1916-07-02
"		105",°­¸ª,16-Aug,23.1,27.5,33.6,1916-08-19,20.2,15.7,1916-08-22
"		105",°­¸ª,16-Sep,19.4,23.8,31.8,1916-09-21,16.1,11.2,1916-09-29
"		105",°­¸ª,16-Oct,14.2,19.5,23.5,1916-10-22,10.1,3.6,1916-10-27
"		105",°­¸ª,16-Nov,8.9,13.5,18.5,1916-11-03,5.2,-4.7,1916-11-28
"		105",°­¸ª,16-Dec,2.9,8,16.6,1916-12-07,-1.4,-14.8,1916-12-27
"		105",°­¸ª,17-Jan,,1.6,8.4,1917-01-25,-8.1,-17,1917-01-08
"		105",°­¸ª,17-Feb,-0.7,3.9,11.1,1917-02-23,-4.5,-10.2,1917-02-02
"		105",°­¸ª,17-Mar,3.6,8.3,16.9,1917-03-31,-0.4,-8,1917-03-01
"		105",°­¸ª,17-Apr,11.1,17.3,25,1917-04-26,5.8,0.2,1917-04-11
"		105",°­¸ª,17-May,15.2,20.8,30,1917-05-18,10.1,2.4,1917-05-07
"		105",°­¸ª,17-Jun,20.5,26.8,34.2,1917-06-29,15.1,6.9,1917-06-06
"		105",°­¸ª,17-Jul,25.1,30.3,36.4,1917-07-25,21.4,16.6,1917-07-08
"		105",°­¸ª,17-Aug,24.5,29.6,36,1917-08-09,20.9,15.5,1917-08-25
"		105",°­¸ª,17-Sep,19.9,24.4,32,1917-09-06,16.5,11.5,1917-09-30
"		105",°­¸ª,17-Oct,14.3,19.8,25.5,1917-10-02,10.3,3.4,1917-10-30
"		105",°­¸ª,17-Nov,6.1,11.4,17.9,1917-11-03,1.4,-4.3,1917-11-28
"		105",°­¸ª,17-Dec,-1.6,3.2,15.1,1917-12-02,-5.5,-13.9,1917-12-26
"		105",°­¸ª,18-Jan,-2.4,3.1,9.7,1918-01-12,-6.7,-12.2,1918-01-07
"		105",°­¸ª,18-Feb,0.9,5.7,12,1918-02-25,-3.4,-13.4,1918-02-18
"		105",°­¸ª,18-Mar,4,9.5,18,1918-03-22,-0.5,-7.8,1918-03-02
"		105",°­¸ª,18-Apr,9.8,15.4,28.1,1918-04-18,5.5,-0.8,1918-04-04
"		105",°­¸ª,18-May,15.7,21,27.5,1918-05-16,11.7,4.1,1918-05-04
"		105",°­¸ª,18-Jun,21.6,27.1,33.5,1918-06-27,16.7,12.4,1918-06-01
"		105",°­¸ª,18-Jul,20.3,24.3,32.5,1918-07-31,17.4,13.2,1918-07-15
"		105",°­¸ª,18-Aug,23.4,28,34,1918-08-01,19.9,15,1918-08-21
"		105",°­¸ª,18-Sep,19.4,24.7,30.5,1918-09-05,15.1,11.5,1918-09-15
"		105",°­¸ª,18-Oct,14.3,19.8,26.1,1918-10-21,9.7,2.9,1918-10-25
"		105",°­¸ª,18-Nov,7.1,12,19.1,1918-11-01,2.5,-5.1,1918-11-11
"		105",°­¸ª,18-Dec,1.9,6.4,12.6,1918-12-01,-2.4,-9.5,1918-12-15
"		105",°­¸ª,19-Jan,-2.1,2,9,1919-01-07,-6,-14.3,1919-01-20
"		105",°­¸ª,19-Feb,0,5.4,14.3,1919-02-17,-5.8,-14.1,1919-02-05
"		105",°­¸ª,19-Mar,6.1,11.9,22.6,1919-03-24,1.4,-3.3,1919-03-26
"		105",°­¸ª,19-Apr,11.2,17.2,26.5,1919-04-09,5.4,-2,1919-04-01
"		105",°­¸ª,19-May,15.9,21.9,30.9,1919-05-30,10.7,2,1919-05-03
"		105",°­¸ª,19-Jun,18.8,23.5,33.9,1919-06-29,15.6,11.3,1919-06-01
"		105",°­¸ª,19-Jul,23.1,27.6,36.4,1919-07-23,19.7,12,1919-07-09
"		105",°­¸ª,19-Aug,23.5,28.3,33.3,1919-08-28,19.9,13.7,1919-08-21
"		105",°­¸ª,19-Sep,18.6,23.8,31.5,1919-09-05,14.7,10.8,1919-09-27
"		105",°­¸ª,19-Oct,14,20,23.8,1919-10-11,9.4,3.8,1919-10-22
"		105",°­¸ª,19-Nov,9,14.8,24.8,1919-11-03,4,-4.5,1919-11-25
"		105",°­¸ª,19-Dec,1.1,6,13.5,1919-12-03,-2.8,-9.2,1919-12-16
"		105",°­¸ª,20-Jan,-1.6,2.9,10,1920-01-27,-5.7,-13.8,1920-01-15
"		105",°­¸ª,20-Feb,-1.4,2.4,6.8,1920-02-16,-4.9,-14.6,1920-02-10
"		105",°­¸ª,20-Mar,4,8.7,20.9,1920-03-22,-0.3,-8.9,1920-03-07
"		105",°­¸ª,20-Apr,11.2,17.3,28.2,1920-04-28,6.2,1,1920-04-07
"		105",°­¸ª,20-May,13.9,19.4,29.2,1920-05-22,9.6,5.6,1920-05-04
"		105",°­¸ª,20-Jun,19.5,24.5,30.5,1920-06-24,15.4,8.1,1920-06-01
"		105",°­¸ª,20-Jul,25.1,29.6,35.8,1920-07-27,21.8,19.2,1920-07-08
"		105",°­¸ª,20-Aug,23.2,27.2,33.7,1920-08-03,19.8,17,1920-08-05
"		105",°­¸ª,20-Sep,20,24.6,29.9,1920-09-22,16.7,12.4,1920-09-27
"		105",°­¸ª,20-Oct,15.5,21.7,26.5,1920-10-04,10.6,7.1,1920-10-23
"		105",°­¸ª,20-Nov,10.3,15.5,26.2,1920-11-02,5.7,0,1920-11-30
"		105",°­¸ª,20-Dec,1.8,6.1,12.9,1920-12-18,-2.3,-8.4,1920-12-09
"		105",°­¸ª,21-Jan,1.4,5.3,12,1921-01-25,-2.7,-7.7,1921-01-09
"		105",°­¸ª,21-Feb,1.6,6.5,16.3,1921-02-26,-2.8,-7.6,1921-02-18
"		105",°­¸ª,21-Mar,4.5,9.3,19,1921-03-31,0.3,-5.8,1921-03-15
"		105",°­¸ª,21-Apr,10.9,16.8,23.5,1921-04-20,5.9,-1.1,1921-04-08
"		105",°­¸ª,21-May,14.7,20.1,27.8,1921-05-28,10.1,3.9,1921-05-07
"		105",°­¸ª,21-Jun,17.7,22.1,31.5,1921-06-13,13.9,6,1921-06-03
"		105",°­¸ª,21-Jul,23.3,27.2,33,1921-07-15,20.1,15.8,1921-07-01
"		105",°­¸ª,21-Aug,24.5,29.2,36,1921-08-10,21.1,17.3,1921-08-29
"		105",°­¸ª,21-Sep,19,24.1,28.3,1921-09-06,15.3,10.7,1921-09-30
"		105",°­¸ª,21-Oct,13,18.7,25.5,1921-10-04,8.8,4.4,1921-10-29
"		105",°­¸ª,21-Nov,7,12.2,19.8,1921-11-14,1.8,-5.2,1921-11-22
"		105",°­¸ª,21-Dec,2.8,7.6,14.5,1921-12-15,-1.6,-8.9,1921-12-02
"		105",°­¸ª,22-Jan,-3.3,1.3,7,1922-01-12,-7.3,-13.2,1922-01-19
"		105",°­¸ª,22-Feb,2,6.7,15,1922-02-23,-2.3,-10,1922-02-01
"		105",°­¸ª,22-Mar,4.9,9.8,17.7,1922-03-14,0.2,-5.7,1922-03-24
"		105",°­¸ª,22-Apr,11.9,17.4,31.3,1922-04-28,6.9,1.2,1922-04-02
"		105",°­¸ª,22-May,16.1,21.7,32.8,1922-05-26,11,4.4,1922-05-04
"		105",°­¸ª,22-Jun,21.6,26.8,35.4,1922-06-14,16.9,9.3,1922-06-05
"		105",°­¸ª,22-Jul,25,29.4,34.5,1922-07-30,21.4,17.1,1922-07-12
"		105",°­¸ª,22-Aug,25.5,29.8,35.6,1922-08-06,21.8,16,1922-08-25
"		105",°­¸ª,22-Sep,20.6,25.7,33.3,1922-09-01,16.8,9.1,1922-09-30
"		105",°­¸ª,22-Oct,15.5,21.1,25.4,1922-10-22,10.5,2.6,1922-10-11
"		105",°­¸ª,22-Nov,6.9,11.7,20.8,1922-11-03,2.2,-6.5,1922-11-27
"		105",°­¸ª,22-Dec,0.9,5.7,10.7,1922-12-06,-3.8,-9.9,1922-12-31
"		105",°­¸ª,23-Jan,-2.1,2.3,13.3,1923-01-21,-6.9,-16.6,1923-01-02
"		105",°­¸ª,23-Feb,-2.2,2.3,8.9,1923-02-18,-6.5,-14.3,1923-02-26
"		105",°­¸ª,23-Mar,5.8,10.7,23.3,1923-03-27,0.6,-6.8,1923-03-14
"		105",°­¸ª,23-Apr,10.7,15.7,25.9,1923-04-27,6.2,-0.3,1923-04-06
"		105",°­¸ª,23-May,15.7,20.9,30.5,1923-05-24,10.6,6.3,1923-05-11
"		105",°­¸ª,23-Jun,20,25.8,34.2,1923-06-20,14.9,8.5,1923-06-02
"		105",°­¸ª,23-Jul,23,26.8,33.5,1923-07-27,19.2,14.9,1923-07-01
"		105",°­¸ª,23-Aug,26.3,30.8,37,1923-08-08,22.4,18.5,1923-08-02
"		105",°­¸ª,23-Sep,18.7,23.3,31.4,1923-09-03,14.8,8.6,1923-09-28
"		105",°­¸ª,23-Oct,14.5,20.2,25.2,1923-10-29,9.8,4.5,1923-10-24
"		105",°­¸ª,23-Nov,7.5,13,19.4,1923-11-07,2.3,-7.2,1923-11-30
"		105",°­¸ª,23-Dec,2,6.8,15,1923-12-06,-3.2,-13.1,1923-12-29
"		105",°­¸ª,24-Jan,0.9,5.6,13.6,1924-01-12,-4,-12,1924-01-26
"		105",°­¸ª,24-Feb,-0.7,3.3,8.3,1924-02-18,-4.9,-11.9,1924-02-23
"		105",°­¸ª,24-Mar,2.1,7.1,21.6,1924-03-31,-2.5,-7.7,1924-03-07
"		105",°­¸ª,24-Apr,11.5,17.2,25.8,1924-04-21,6.4,-1.7,1924-04-04
"		105",°­¸ª,24-May,15.5,21.7,32,1924-05-30,9.6,4.6,1924-05-06
"		105",°­¸ª,24-Jun,18.2,23.5,30.8,1924-06-30,13.7,8.6,1924-06-08
"		105",°­¸ª,24-Jul,26.2,31.2,35.7,1924-07-08,22.3,17.5,1924-07-05
"		105",°­¸ª,24-Aug,25.1,30.1,35.5,1924-08-11,21,16,1924-08-30
"		105",°­¸ª,24-Sep,20,25.7,31.7,1924-09-07,15.6,11.6,1924-09-28
"		105",°­¸ª,24-Oct,14.1,20,25,1924-10-14,8.4,2.5,1924-10-21
"		105",°­¸ª,24-Nov,6.2,12.2,22.2,1924-11-01,1.1,-5.9,1924-11-09
"		105",°­¸ª,24-Dec,1.8,6.6,13.5,1924-12-03,-2.9,-9.8,1924-12-12
"		105",°­¸ª,25-Jan,-1.3,3.5,8.3,1925-01-10,-5.9,-12.4,1925-01-31
"		105",°­¸ª,25-Feb,-1.4,3.8,8.7,1925-02-17,-6.3,-10.9,1925-02-01
"		105",°­¸ª,25-Mar,3.5,8.9,14.5,1925-03-31,-1.3,-5.8,1925-03-05
"		105",°­¸ª,25-Apr,10.9,17,28.2,1925-04-19,5.5,-2.7,1925-04-05
"		105",°­¸ª,25-May,14.8,20.2,30.9,1925-05-05,10.3,4.4,1925-05-09
"		105",°­¸ª,25-Jun,19.6,24.3,33.3,1925-06-17,15.2,8.9,1925-06-15
"		105",°­¸ª,25-Jul,21.7,25.6,34.9,1925-07-30,18.7,13.2,1925-07-14
"		105",°­¸ª,25-Aug,24.5,29,34.8,1925-08-12,20.9,18.9,1925-08-07
"		105",°­¸ª,25-Sep,19.2,24.2,27.7,1925-09-19,15.1,11.3,1925-09-20
"		105",°­¸ª,25-Oct,14.3,20.5,24.5,1925-10-08,8.9,2,1925-10-22
"		105",°­¸ª,25-Nov,9.4,14.4,19.7,1925-11-01,5,-1.4,1925-11-30
"		105",°­¸ª,25-Dec,1.2,5.2,15,1925-12-09,-3.2,-14.3,1925-12-30
"		105",°­¸ª,26-Jan,-1.7,2.7,9,1926-01-13,-6.4,-12.8,1926-01-24
"		105",°­¸ª,26-Feb,0,5.3,12.7,1926-02-14,-5.4,-10.2,1926-02-05
"		105",°­¸ª,26-Mar,4.9,10.4,20.6,1926-03-29,-0.2,-7.2,1926-03-26
"		105",°­¸ª,26-Apr,10,16.3,24.4,1926-04-16,4.4,-0.8,1926-04-04
"		105",°­¸ª,26-May,14.7,19.8,30.5,1926-05-26,10.5,5.6,1926-05-15
"		105",°­¸ª,26-Jun,20.1,25.5,34.5,1926-06-09,15.2,8.3,1926-06-16
"		105",°­¸ª,26-Jul,22.7,27.4,37,1926-07-15,19,14.7,1926-07-08
"		105",°­¸ª,26-Aug,26,30.3,36.5,1926-08-10,22,18.5,1926-08-25
"		105",°­¸ª,26-Sep,20,24.8,30.9,1926-09-07,16.2,12.1,1926-09-28
"		105",°­¸ª,26-Oct,12.8,17.9,24.8,1926-10-04,7.9,1.8,1926-10-24
"		105",°­¸ª,26-Nov,8.5,14.2,21.5,1926-11-05,3.5,-0.6,1926-11-16
"		105",°­¸ª,26-Dec,-0.7,4.6,15.7,1926-12-01,-5.8,-13.2,1926-12-08
"		105",°­¸ª,27-Jan,-2.1,2.5,11.4,1927-01-04,-7.1,-16.6,1927-01-21
"		105",°­¸ª,27-Feb,-1.4,3.1,8.2,1927-02-14,-6,-12.4,1927-02-08
"		105",°­¸ª,27-Mar,4.1,9.3,20,1927-03-28,-0.6,-6.7,1927-03-03
"		105",°­¸ª,27-Apr,11.4,17,30.7,1927-04-27,6.3,-1.8,1927-04-06
"		105",°­¸ª,27-May,14.8,20.6,29.3,1927-05-30,9.7,5.8,1927-05-12
"		105",°­¸ª,27-Jun,21.1,26.7,32.6,1927-06-28,15.8,9.9,1927-06-01
"		105",°­¸ª,27-Jul,26.5,31.4,36.1,1927-07-26,22.1,17.5,1927-07-06
"		105",°­¸ª,27-Aug,23.6,28.3,34,1927-08-02,19.8,14.3,1927-08-31
"		105",°­¸ª,27-Sep,18.6,24.3,30.3,1927-09-01,14.3,8.9,1927-09-30
"		105",°­¸ª,27-Oct,14.4,20.5,28.8,1927-10-06,9.4,2.2,1927-10-14
"		105",°­¸ª,27-Nov,9.4,15.4,20.1,1927-11-14,4.6,0.4,1927-11-17
"		105",°­¸ª,27-Dec,1.8,6.7,16.7,1927-12-14,-2.6,-12.8,1927-12-30
"		105",°­¸ª,28-Jan,-2.4,1.9,9.9,1928-01-10,-6,-13.3,1928-01-04
"		105",°­¸ª,28-Feb,-1.2,3.2,8.3,1928-02-26,-4.7,-11,1928-02-08
"		105",°­¸ª,28-Mar,4.2,9.5,20.8,1928-03-20,0.6,-3,1928-03-22
"		105",°­¸ª,28-Apr,11.4,17.8,29.3,1928-04-29,6.4,-0.8,1928-04-05
"		105",°­¸ª,28-May,18,25.1,33.9,1928-05-30,12.1,5.6,1928-05-04
"		105",°­¸ª,28-Jun,19.4,24.5,32,1928-06-07,15.7,9.5,1928-06-06
"		105",°­¸ª,28-Jul,24.1,29.1,35.4,1928-07-10,20.7,15.4,1928-07-05
"		105",°­¸ª,28-Aug,23,27.3,33,1928-08-28,20.1,16.3,1928-08-13
"		105",°­¸ª,28-Sep,19.9,24.5,31.3,1928-09-06,16.6,6.3,1928-09-25
"		105",°­¸ª,28-Oct,13.5,20.2,27.5,1928-10-28,9.1,2,1928-10-31
"		105",°­¸ª,28-Nov,7.9,13.6,19.3,1928-11-01,3.7,-3.1,1928-11-17
"		105",°­¸ª,28-Dec,1.8,6.8,10.7,1928-12-08,-2,-9.9,1928-12-19
"		105",°­¸ª,29-Jan,-0.9,4.4,14.5,1929-01-14,-5,-11.5,1929-01-02
"		105",°­¸ª,Feb-29,-0.6,5.2,17.4,1929-02-21,-5.3,-13.1,1929-02-10
"		105",°­¸ª,29-Mar,4,9.5,23.2,1929-03-23,-0.5,-10.9,1929-03-03
"		105",°­¸ª,29-Apr,10.3,15.9,28,1929-04-16,5.6,-3.2,1929-04-03
"		105",°­¸ª,29-May,14.3,20,30,1929-05-31,10.4,3.8,1929-05-05
"		105",°­¸ª,29-Jun,21.2,27,33.5,1929-06-03,16.8,10.6,1929-06-01
"		105",°­¸ª,29-Jul,26.7,31.8,37.4,1929-07-30,23,15.8,1929-07-03
"		105",°­¸ª,29-Aug,26.1,31.7,37.4,1929-08-01,22.2,18.3,1929-08-30
"		105",°­¸ª,29-Sep,18.8,25.3,30.4,1929-09-24,14.4,11.3,1929-09-30
"		105",°­¸ª,29-Oct,13.6,20,27.3,1929-10-06,9.2,4.1,1929-10-22
"		105",°­¸ª,29-Nov,7.6,13,20.9,1929-11-05,3.2,-4.4,1929-11-23
"		105",°­¸ª,29-Dec,3.4,7.5,14.6,1929-12-11,0,-8.3,1929-12-23
"		105",°­¸ª,30-Jan,-1.4,3.1,7.7,1930-01-21,-4.9,-11.3,1930-01-06
"		105",°­¸ª,Feb-30,2.1,6.8,17.6,1930-02-25,-1.8,-9.2,1930-02-11
"		105",°­¸ª,30-Mar,5.6,10.2,21.5,1930-03-26,2.1,-3.7,1930-03-09
"		105",°­¸ª,30-Apr,11.5,16.7,28.7,1930-04-18,7.5,0.7,1930-04-03
"		105",°­¸ª,30-May,17.8,24,30.7,1930-05-29,12.6,7.5,1930-05-12
"		105",°­¸ª,30-Jun,21.1,27.1,33.7,1930-06-20,17,11.7,1930-06-07
"		105",°­¸ª,30-Jul,24,28.3,34.9,1930-07-03,20.9,18,1930-07-20
"		105",°­¸ª,30-Aug,24.8,30,35.5,1930-08-05,21.1,16.7,1930-08-04
"		105",°­¸ª,30-Sep,19.1,24.8,30.7,1930-09-08,15.3,9.8,1930-09-30
"		105",°­¸ª,30-Oct,14.7,20.8,28,1930-10-10,10.7,5.4,1930-10-22
"		105",°­¸ª,30-Nov,6.2,11.4,20,1930-11-09,1.7,-5.1,1930-11-12
"		105",°­¸ª,30-Dec,3.1,8.1,14.5,1930-12-18,-0.7,-6.4,1930-12-31
"		105",°­¸ª,31-Jan,-1.3,3.3,14.2,1931-01-04,-5.7,-19.1,1931-01-11
"		105",°­¸ª,Feb-31,-1.5,3,11,1931-02-01,-5.3,-14,1931-02-08
"		105",°­¸ª,31-Mar,5.6,11.5,21,1931-03-30,0.3,-9.2,1931-03-01
"		105",°­¸ª,Apr-31,9.9,15.9,22.5,1931-04-15,5.2,-0.5,1931-04-12
"		105",°­¸ª,31-May,16.4,22.7,27.5,1931-05-30,11.2,5.3,1931-05-08
"		105",°­¸ª,Jun-31,17.1,21.8,28.4,1931-06-29,14.1,9.4,1931-06-02
"		105",°­¸ª,31-Jul,19.6,23.2,30.3,1931-07-31,17.2,12.5,1931-07-15
"		105",°­¸ª,31-Aug,24.3,28.7,34.9,1931-08-13,21.2,14.5,1931-08-31
"		105",°­¸ª,Sep-31,19.4,25,29.2,1931-09-05,15.4,10,1931-09-30
"		105",°­¸ª,31-Oct,13.3,19.7,29.5,1931-10-06,8.1,-1.3,1931-10-27
"		105",°­¸ª,Nov-31,9.3,14.8,22.5,1931-11-08,5,-1.5,1931-11-19
"		105",°­¸ª,31-Dec,2.4,6.9,15.9,1931-12-07,-1.5,-12.4,1931-12-13
"		105",°­¸ª,Jan-32,2.4,7.3,16.5,1932-01-06,-1.8,-11.5,1932-01-08
"		105",°­¸ª,Feb-32,-0.9,3.4,9.5,1932-02-12,-4.2,-12.2,1932-02-17
"		105",°­¸ª,Mar-32,3.3,8.8,20,1932-03-26,-1,-5.6,1932-03-15
"		105",°­¸ª,Apr-32,11.3,17,24.8,1932-04-29,6.8,1,1932-04-10
"		105",°­¸ª,May-32,16.8,23.4,33.5,1932-05-21,11.7,3.1,1932-05-07
"		105",°­¸ª,Jun-32,17.4,22.3,31.5,1932-06-04,14.2,8.9,1932-06-01
"		105",°­¸ª,Jul-32,24.5,29.9,36.8,1932-07-30,20.9,16.2,1932-07-02
"		105",°­¸ª,Aug-32,22.9,26.8,33.2,1932-08-29,20.2,15.5,1932-08-08
"		105",°­¸ª,Sep-32,18.1,23.5,26.6,1932-09-30,14.8,11.7,1932-09-29
"		105",°­¸ª,Oct-32,13.7,20.4,28.7,1932-10-01,8.9,2.8,1932-10-26
"		105",°­¸ª,Nov-32,8.6,14.4,24.5,1932-11-04,3.7,-3.2,1932-11-08
"		105",°­¸ª,Dec-32,2.8,7.6,13.1,1932-12-18,-1.2,-9.4,1932-12-13
"		105",°­¸ª,Jan-33,-2.9,1.9,12.6,1933-01-10,-6.7,-14.5,1933-01-26
"		105",°­¸ª,Feb-33,-0.8,4.4,10.7,1933-02-28,-5.3,-10.8,1933-02-19
"		105",°­¸ª,Mar-33,2.4,7.2,16.7,1933-03-20,-1.7,-9.7,1933-03-07
"		105",°­¸ª,Apr-33,10.8,16.6,28.3,1933-04-29,6,0,1933-04-13
"		105",°­¸ª,May-33,16.1,21.7,30.4,1933-05-11,11.9,4.8,1933-05-06
"		105",°­¸ª,Jun-33,20.2,25.4,31.2,1933-06-09,16.6,12.8,1933-06-02
"		105",°­¸ª,Jul-33,24.7,29.4,35,1933-07-23,21.5,15.6,1933-07-03
"		105",°­¸ª,Aug-33,23.8,28.1,34.7,1933-08-31,21,18.4,1933-08-19
"		105",°­¸ª,Sep-33,20,25.3,30.5,1933-09-01,16.2,8.7,1933-09-28
"		105",°­¸ª,Oct-33,13.7,18.9,25.5,1933-10-04,10,1.2,1933-10-25
"		105",°­¸ª,Nov-33,8.4,14.2,19.7,1933-11-10,3.8,-2,1933-11-29
"		105",°­¸ª,Dec-33,2.9,7,14.8,1933-12-07,-0.5,-9.2,1933-12-22
"		105",°­¸ª,Jan-34,-3.2,2.1,9.1,1934-01-31,-7.5,-12.9,1934-01-24
"		105",°­¸ª,Feb-34,0,4.8,9.3,1934-02-21,-4.2,-8.3,1934-02-03
"		105",°­¸ª,Mar-34,3,8.1,19,1934-03-20,-1,-8.2,1934-03-05
"		105",°­¸ª,Apr-34,10.3,16.7,25.4,1934-04-22,5.6,-2.6,1934-04-06
"		105",°­¸ª,May-34,16.6,23.2,31.6,1934-05-27,12,4,1934-05-01
"		105",°­¸ª,Jun-34,20.8,26.9,32.9,1934-06-27,16.9,12.1,1934-06-10
"		105",°­¸ª,Jul-34,23.2,27.2,35.1,1934-07-07,20.4,16.9,1934-07-17
"		105",°­¸ª,Aug-34,23.4,27.9,33.7,1934-08-05,20.2,16.3,1934-08-28
"		105",°­¸ª,Sep-34,19.2,24.4,30.7,1934-09-15,15.3,8.6,1934-09-23
"		105",°­¸ª,Oct-34,12.4,19,24.3,1934-10-13,7.3,1.7,1934-10-25
"		105",°­¸ª,Nov-34,6.9,12.7,21,1934-11-06,2.1,-7,1934-11-28
"		105",°­¸ª,Dec-34,4.1,9.6,18.9,1934-12-09,-0.2,-4.6,1934-12-01
"		105",°­¸ª,Jan-35,-0.4,4.4,12.5,1935-01-11,-4.6,-10.6,1935-01-18
"		105",°­¸ª,Feb-35,2,8.2,15.8,1935-02-25,-2.8,-11.6,1935-02-06
"		105",°­¸ª,Mar-35,6.3,12.4,19.7,1935-03-15,1.8,-3.7,1935-03-05
"		105",°­¸ª,Apr-35,11.8,17.6,30,1935-04-26,6.9,0.5,1935-04-01
"		105",°­¸ª,May-35,16.3,22.8,30.5,1935-05-24,11.5,3.6,1935-05-01
"		105",°­¸ª,Jun-35,19.8,25.2,32.1,1935-06-26,15.9,12.8,1935-06-03
"		105",°­¸ª,Jul-35,23.2,27.8,36.9,1935-07-30,19.7,15,1935-07-08
"		105",°­¸ª,Aug-35,23.7,28.5,34.5,1935-08-18,20.8,17.3,1935-08-30
"		105",°­¸ª,Sep-35,19,24.9,29.3,1935-09-08,14.8,8.3,1935-09-14
"		105",°­¸ª,Oct-35,16,22.6,27.1,1935-10-10,11.2,6.6,1935-10-08
"		105",°­¸ª,Nov-35,8.3,13.3,20.2,1935-11-22,4.5,-0.4,1935-11-17
"		105",°­¸ª,Dec-35,0.4,5.3,14.5,1935-12-07,-4,-10.7,1935-12-22
"		105",°­¸ª,Jan-36,-4,1.5,7.8,1936-01-28,-8.6,-15.8,1936-01-17
"		105",°­¸ª,Feb-36,-1.4,3.7,11,1936-02-16,-5.4,-12.3,1936-02-01
"		105",°­¸ª,Mar-36,2.5,8.6,18.5,1936-03-26,-2.2,-9.7,1936-03-01
"		105",°­¸ª,Apr-36,8,14.1,22.1,1936-04-26,3.8,-1.8,1936-04-10
"		105",°­¸ª,May-36,17.1,23.2,32.2,1936-05-11,12.1,6.9,1936-05-01
"		105",°­¸ª,Jun-36,20.3,26,34.6,1936-06-17,16.2,8.6,1936-06-07
"		105",°­¸ª,Jul-36,23.3,28.2,36.2,1936-07-21,19.9,14.4,1936-07-03
"		105",°­¸ª,Aug-36,22.3,26.6,32.2,1936-08-10,19.7,16.1,1936-08-17
"		105",°­¸ª,Sep-36,19.8,25.3,33.2,1936-09-09,16,10.6,1936-09-20
"		105",°­¸ª,Oct-36,14.9,21.8,27.4,1936-10-09,9.3,3.6,1936-10-23
"		105",°­¸ª,Nov-36,8.7,15.3,21.5,1936-11-04,3.5,-2.2,1936-11-28
"		105",°­¸ª,Dec-36,2.4,7.2,16.5,1936-12-01,-1.4,-5.8,1936-12-22
"		105",°­¸ª,Jan-37,0.2,5,15.4,1937-01-05,-3.9,-9.9,1937-01-11
"		105",°­¸ª,Feb-37,0.5,4.7,11.5,1937-02-22,-3.2,-9.3,1937-02-09
"		105",°­¸ª,Mar-37,4.3,9.4,17.5,1937-03-15,0,-5.7,1937-03-12
"		105",°­¸ª,Apr-37,9.6,16.1,26.8,1937-04-20,4.6,0.7,1937-04-02
"		105",°­¸ª,May-37,16.9,23,34.2,1937-05-13,12.1,5.8,1937-05-08
"		105",°­¸ª,Jun-37,19.4,24.5,30.1,1937-06-10,15.6,11.8,1937-06-10
"		105",°­¸ª,Jul-37,24.8,29.6,34.2,1937-07-22,21,14.6,1937-07-01
"		105",°­¸ª,Aug-37,27,32.7,37.1,1937-08-18,23,17.9,1937-08-27
"		105",°­¸ª,Sep-37,20.3,26,31,1937-09-02,16.2,10.6,1937-09-28
"		105",°­¸ª,Oct-37,15.3,21.9,27.4,1937-10-11,10.1,-1.3,1937-10-17
"		105",°­¸ª,Nov-37,9,14.2,22.1,1937-11-06,4.8,-1.8,1937-11-25
"		105",°­¸ª,Dec-37,0.2,5.5,15,1937-12-14,-4.6,-12.2,1937-12-27
"		105",°­¸ª,Jan-38,-1.8,3.7,13.5,1938-01-18,-6.6,-14.1,1938-01-08
"		105",°­¸ª,Feb-38,-0.7,5.1,17,1938-02-28,-5.3,-12.1,1938-02-09
"		105",°­¸ª,Mar-38,5.8,10.9,22.2,1938-03-18,2.1,-5.2,1938-03-08
"		105",°­¸ª,Apr-38,13.4,20.4,30.9,1938-04-19,7.8,1,1938-04-10
"		105",°­¸ª,May-38,16.6,22.8,33.1,1938-05-14,11.7,7.8,1938-05-20
"		105",°­¸ª,Jun-38,18.8,24,31.8,1938-06-04,15.2,12.3,1938-06-18
"		105",°­¸ª,Jul-38,24.6,29.6,36.3,1938-07-20,21.2,15.5,1938-07-01
"		105",°­¸ª,Aug-38,25.4,30.3,34.3,1938-08-26,22.2,19.2,1938-08-23
"		105",°­¸ª,Sep-38,19.4,25.6,31.3,1938-09-01,15.2,10.5,1938-09-26
"		105",°­¸ª,Oct-38,15.2,20.5,30,1938-10-05,11.1,6.8,1938-10-23
"		105",°­¸ª,Nov-38,8.2,14.2,23.3,1938-11-04,3.9,-5.2,1938-11-12
"		105",°­¸ª,Dec-38,1.7,7,15.2,1938-12-03,-2.6,-13.9,1938-12-28
"		105",°­¸ª,Jan-39,-1,4.4,10.5,1939-01-31,-5.6,-12.9,1939-01-05
"		105",°­¸ª,Feb-39,0.1,5.4,13.2,1939-02-25,-4.5,-12.9,1939-02-06
"		105",°­¸ª,Mar-39,4.8,10.1,16.8,1939-03-29,0.5,-3.4,1939-03-19
"		105",°­¸ª,Apr-39,11.1,17.4,26.6,1939-04-30,6.1,-1.8,1939-04-05
"		105",°­¸ª,May-39,15.6,21.4,29.3,1939-05-18,11.5,6.2,1939-05-13
"		105",°­¸ª,Jun-39,21.1,27.2,34.7,1939-06-18,16.4,6.7,1939-06-01
"		105",°­¸ª,Jul-39,26.3,32.2,38.5,1939-07-20,22.3,15.3,1939-07-01
"		105",°­¸ª,Aug-39,24.7,29.6,35.1,1939-08-11,21.3,18,1939-08-16
"		105",°­¸ª,Sep-39,21,27,32.5,1939-09-07,17.1,8.4,1939-09-30
"		105",°­¸ª,Oct-39,15.3,21.8,31.9,1939-10-11,10.2,1.2,1939-10-21
"		105",°­¸ª,Nov-39,8,13.7,21.5,1939-11-20,3.3,-6.9,1939-11-27
"		105",°­¸ª,Dec-39,2.8,8.3,13,1939-12-31,-2.1,-6.8,1939-12-11
"		105",°­¸ª,Jan-40,-2.9,2.4,12.1,1940-01-05,-7.7,-12.7,1940-01-27
"		105",°­¸ª,Feb-40,0.1,4.9,11.8,1940-02-24,-4.3,-10,1940-02-05
"		105",°­¸ª,Mar-40,5.3,11.3,21.7,1940-03-29,0.2,-9.2,1940-03-15
"		105",°­¸ª,Apr-40,11,16.6,25.8,1940-04-11,5.9,-0.6,1940-04-06
"		105",°­¸ª,May-40,18.7,25.5,32.8,1940-05-22,12.7,5.4,1940-05-05
"		105",°­¸ª,Jun-40,20.3,26,34.1,1940-06-22,15.6,10.4,1940-06-09
"		105",°­¸ª,Jul-40,23.4,28,36.1,1940-07-02,19.7,17.5,1940-07-15
"		105",°­¸ª,Aug-40,23.6,28.6,34.6,1940-08-04,19.8,14.5,1940-08-27
"		105",°­¸ª,Sep-40,18.3,23.9,28.7,1940-09-15,14.1,9.3,1940-09-19
"		105",°­¸ª,Oct-40,15.3,21.7,26.7,1940-10-06,9.8,4.7,1940-10-26
"		105",°­¸ª,Nov-40,9.6,15.6,26.2,1940-11-06,4.6,-2.1,1940-11-22
"		105",°­¸ª,Dec-40,3.5,8.7,14.2,1940-12-23,-1.1,-4.8,1940-12-17
"		105",°­¸ª,Jan-41,0.4,5.2,14.7,1941-01-18,-4.1,-15.6,1941-01-31
"		105",°­¸ª,Feb-41,0.2,5.3,11.8,1941-02-05,-4.2,-13,1941-02-01
"		105",°­¸ª,Mar-41,6.1,12.1,25.8,1941-03-20,1,-10.3,1941-03-04
"		105",°­¸ª,Apr-41,11.1,18.2,28.4,1941-04-17,5.5,-3.1,1941-04-02
"		105",°­¸ª,May-41,15.1,20.9,30.9,1941-05-19,10.4,5.8,1941-05-13
"		105",°­¸ª,Jun-41,18.6,23.8,34,1941-06-24,14.6,9.6,1941-06-20
"		105",°­¸ª,Jul-41,21,25.4,32.8,1941-07-01,17.5,11.3,1941-07-09
"		105",°­¸ª,Aug-41,22.7,27,33.8,1941-08-06,19.8,15.5,1941-08-23
"		105",°­¸ª,Sep-41,18.5,24.1,28.4,1941-09-01,14.5,11.9,1941-09-21
"		105",°­¸ª,Oct-41,15,21.4,29.4,1941-10-24,9.6,1.7,1941-10-27
"		105",°­¸ª,Nov-41,9.8,15,22.1,1941-11-17,5.6,-3.6,1941-11-29
"		105",°­¸ª,Dec-41,3.8,8.8,14.1,1941-12-21,-0.9,-7.4,1941-12-30
"		105",°­¸ª,Jan-42,-1.7,3.4,10.9,1942-01-29,-6.3,-12.3,1942-01-18
"		105",°­¸ª,Feb-42,-0.4,4.7,14.4,1942-02-23,-4.9,-13.7,1942-02-13
"		105",°­¸ª,Mar-42,7.6,13.1,21.8,1942-03-22,2.7,-5.4,1942-03-08
"		105",°­¸ª,Apr-42,13.2,19,30.7,1942-04-26,7.5,1,1942-04-17
"		105",°­¸ª,May-42,15.8,21.5,31.6,1942-05-29,11,5.1,1942-05-09
"		105",°­¸ª,Jun-42,22.1,28.2,36.8,1942-06-17,17,10.1,1942-06-02
"		105",°­¸ª,Jul-42,28.3,33.5,39.4,1942-07-25,23.8,16.8,1942-07-01
"		105",°­¸ª,Aug-42,23,26.8,35.7,1942-08-13,20.3,16.3,1942-08-28
"		105",°­¸ª,Sep-42,19.3,24.1,30.8,1942-09-08,15.6,10.7,1942-09-23
"		105",°­¸ª,Oct-42,14,20.3,27.8,1942-10-02,9,-1.9,1942-10-24
"		105",°­¸ª,Nov-42,8.6,13.9,23.3,1942-11-06,3.2,-4.6,1942-11-28
"		105",°­¸ª,Dec-42,2.2,6.7,11.9,1942-12-15,-2.2,-9.5,1942-12-26
"		105",°­¸ª,Jan-43,-2.3,3.1,12.6,1943-01-21,-7.1,-16.3,1943-01-12
"		105",°­¸ª,Feb-43,0.8,5.2,14,1943-02-27,-3.3,-10.3,1943-02-07
"		105",°­¸ª,Mar-43,5.2,9.8,18.8,1943-03-18,0.8,-5.1,1943-03-09
"		105",°­¸ª,Apr-43,11.2,16.6,27.1,1943-04-21,6,-0.3,1943-04-16
"		105",°­¸ª,May-43,17.3,22.7,30.9,1943-05-26,12.3,7,1943-05-21
"		105",°­¸ª,Jun-43,20.4,26.1,34,1943-06-12,15.9,11.2,1943-06-23
"		105",°­¸ª,Jul-43,23.3,27.2,33.5,1943-07-22,20,15.3,1943-07-26
"		105",°­¸ª,Aug-43,26.5,31.3,36.1,1943-08-11,22.9,18.5,1943-08-31
"		105",°­¸ª,Sep-43,19.7,23.9,28.2,1943-09-19,16.2,10.6,1943-09-29
"		105",°­¸ª,Oct-43,14.8,19.7,25,1943-10-11,10.6,5.8,1943-10-31
"		105",°­¸ª,Nov-43,8.9,13.8,25.3,1943-11-03,3.9,-5.1,1943-11-19
"		105",°­¸ª,Dec-43,4,8.8,16.4,1943-12-20,-0.8,-6.2,1943-12-08
"		105",°­¸ª,Jan-44,0.1,5.1,9.9,1944-01-08,-4.1,-9.7,1944-01-07
"		105",°­¸ª,Feb-44,0,4.2,13.9,1944-02-29,-4.3,-10.7,1944-02-15
"		105",°­¸ª,Mar-44,4.8,9.3,20.9,1944-03-26,0.9,-2.2,1944-03-12
"		105",°­¸ª,Apr-44,10,15.2,26,1944-04-26,5.7,-0.3,1944-04-03
"		105",°­¸ª,May-44,16.8,22.3,28.7,1944-05-28,12.4,7.9,1944-05-06
"		105",°­¸ª,Jun-44,21.3,26.5,33,1944-06-28,16.6,9.3,1944-06-09
"		105",°­¸ª,Jul-44,25,29.5,34.7,1944-07-17,21.2,15.7,1944-07-04
"		105",°­¸ª,Aug-44,24.6,28.9,35.2,1944-08-04,20.7,15,1944-08-26
"		105",°­¸ª,Sep-44,20.2,24.5,32,1944-09-01,16.8,12.9,1944-09-30
"		105",°­¸ª,Oct-44,14.3,19.5,23.3,1944-10-04,9.7,4.1,1944-10-14
"		105",°­¸ª,Nov-44,9.2,13.5,26.1,1944-11-02,5.4,-0.4,1944-11-13
"		105",°­¸ª,Dec-44,-2,2.5,9.2,1944-12-01,-6.5,-11.1,1944-12-16
"		105",°­¸ª,Jan-45,-3.5,1.2,6.7,1945-01-13,-7.7,-12.9,1945-01-18
"		105",°­¸ª,Feb-45,-2.2,2.3,10.9,1945-02-27,-6.4,-13.2,1945-02-04
"		105",°­¸ª,Mar-45,4.2,8.7,20.9,1945-03-28,0.2,-6,1945-03-08
"		105",°­¸ª,Apr-45,12.7,18.8,29.6,1945-04-22,7.1,0.3,1945-04-07
"		105",°­¸ª,May-45,14,19,29.4,1945-05-25,9.7,4.6,1945-05-12
"		105",°­¸ª,Jun-45,18.7,23.2,31.8,1945-06-17,14.9,9.2,1945-06-07
"		105",°­¸ª,Jul-45,20.2,23.7,31.8,1945-07-05,17.2,13.1,1945-07-07
"		105",°­¸ª,Aug-45,24.8,29.5,34.7,1945-08-20,21.4,17.4,1945-08-31
"		105",°­¸ª,Sep-45,19.8,23.7,28,1945-09-09,16.2,12.4,1945-09-30
"		105",°­¸ª,Oct-45,14,19.1,23.5,1945-10-16,10,4.6,1945-10-28
"		105",°­¸ª,Nov-45,10.6,15.5,21.4,1945-11-05,6.2,-0.8,1945-11-30
"		105",°­¸ª,Dec-45,2,6.7,14.8,1945-12-07,-2.7,-10.7,1945-12-29
"		105",°­¸ª,Jan-46,0.6,5.4,12.8,1946-01-20,-3.9,-12,1946-01-17
"		105",°­¸ª,Feb-46,1,5.2,11.3,1946-02-20,-2.9,-10,1946-02-03
"		105",°­¸ª,Mar-46,2.9,7.1,15.7,1946-03-29,-0.4,-8.1,1946-03-08
"		105",°­¸ª,Apr-46,12.4,17.8,25.8,1946-04-21,6.9,-1.2,1946-04-07
"		105",°­¸ª,May-46,14.7,20.2,28.5,1946-05-29,10.2,4.7,1946-05-15
"		105",°­¸ª,Jun-46,21.4,25.5,35.2,1946-06-13,17.4,10.3,1946-06-02
"		105",°­¸ª,Jul-46,24.2,28.2,35.5,1946-07-21,20.7,17.4,1946-07-02
"		105",°­¸ª,Aug-46,25.3,29.6,35.1,1946-08-13,21.7,18.9,1946-08-19
"		105",°­¸ª,Sep-46,20.1,25.4,34.2,1946-09-01,15.6,9.6,1946-09-29
"		105",°­¸ª,Oct-46,14.6,19.9,27.9,1946-10-25,9.1,1.6,1946-10-31
"		105",°­¸ª,Nov-46,10.1,14.6,21.1,1946-11-01,5.9,-2,1946-11-29
"		105",°­¸ª,Dec-46,-0.1,4.2,10.7,1946-12-01,-4.4,-11.3,1946-12-10
"		105",°­¸ª,Jan-47,-1.3,2.4,9.4,1947-01-12,-5.1,-12.5,1947-01-28
"		105",°­¸ª,Feb-47,-3.1,1.6,8.8,1947-02-24,-7.2,-14.4,1947-02-03
"		105",°­¸ª,Mar-47,2.5,7.6,16.6,1947-03-27,-1.6,-8.1,1947-03-04
"		105",°­¸ª,Apr-47,11.1,17,27.1,1947-04-15,5.7,-0.3,1947-04-06
"		105",°­¸ª,May-47,15.3,22.2,30.8,1947-05-16,9.8,-0.8,1947-05-09
"		105",°­¸ª,Jun-47,16.4,20.3,30.1,1947-06-26,13.3,9.8,1947-06-04
"		105",°­¸ª,Jul-47,22.9,26.8,33,1947-07-07,19.4,14,1947-07-12
"		105",°­¸ª,Aug-47,24.8,29.2,34.8,1947-08-14,20.9,16.1,1947-08-05
"		105",°­¸ª,Sep-47,19.1,23.9,30.8,1947-09-05,15.4,8.6,1947-09-30
"		105",°­¸ª,Oct-47,12.4,17.3,21.9,1947-10-31,8.5,4.3,1947-10-29
"		105",°­¸ª,Nov-47,6.6,11.9,21.6,1947-11-07,2.2,-6.7,1947-11-27
"		105",°­¸ª,Dec-47,-1.1,3.3,11.3,1947-12-08,-5.6,-12.7,1947-12-19
"		105",°­¸ª,Jan-48,-1,3.5,14.1,1948-01-20,-5.6,-11.6,1948-01-29
"		105",°­¸ª,Feb-48,0.2,5.3,12.2,1948-02-26,-4.2,-9.2,1948-02-06
"		105",°­¸ª,Mar-48,3.1,7.5,22.1,1948-03-31,-1.1,-6.9,1948-03-02
"		105",°­¸ª,Apr-48,12.6,18.6,26.2,1948-04-08,7.3,2.9,1948-04-28
"		105",°­¸ª,May-48,16.9,22.8,28.9,1948-05-26,11.4,7.6,1948-05-03
"		105",°­¸ª,Jun-48,20.1,24.1,33.3,1948-06-24,16.4,8.5,1948-06-03
"		105",°­¸ª,Jul-48,22.4,25.3,33.9,1948-07-26,19.7,15.4,1948-07-05
"		105",°­¸ª,Aug-48,23.8,27.8,32.8,1948-08-11,20.4,17,1948-08-24
"		105",°­¸ª,Sep-48,19.8,24.8,32,1948-09-03,15.5,11.5,1948-09-14
"		105",°­¸ª,Oct-48,14.7,20.1,27.3,1948-10-11,10.9,5.8,1948-10-18
"		105",°­¸ª,Nov-48,8.2,13.5,19.4,1948-11-20,3.8,-5.9,1948-11-28
"		105",°­¸ª,Dec-48,6.2,10.3,15.9,1948-12-04,2.4,-3,1948-12-29
"		105",°­¸ª,Jan-49,0.6,4.9,12.4,1949-01-27,-3.5,-11.8,1949-01-07
"		105",°­¸ª,Feb-49,1.8,5.5,10.3,1949-02-19,-1.7,-7.4,1949-02-11
"		105",°­¸ª,Mar-49,4.1,9.1,18.3,1949-03-31,-0.5,-8.7,1949-03-08
"		105",°­¸ª,Apr-49,10.9,16.2,23.5,1949-04-17,6.3,-1.4,1949-04-02
"		105",°­¸ª,May-49,18.4,24.2,33.1,1949-05-11,12.9,4.8,1949-05-03
"		105",°­¸ª,Jun-49,16.6,19.8,29.2,1949-06-16,13.9,10.3,1949-06-11
"		105",°­¸ª,Jul-49,21.2,24.6,34.5,1949-07-21,18.3,11.9,1949-07-01
"		105",°­¸ª,Aug-49,25.7,30.3,34.2,1949-08-13,21.9,17.1,1949-08-28
"		105",°­¸ª,Sep-49,20.6,25.7,32.6,1949-09-07,16.3,12.6,1949-09-21
"		105",°­¸ª,Oct-49,14.3,20.1,24.4,1949-10-08,9.7,2.6,1949-10-31
"		105",°­¸ª,Nov-49,8.1,13.4,20.9,1949-11-12,3.8,-5.2,1949-11-18
"		105",°­¸ª,Dec-49,2.6,7.1,15.1,1949-12-11,-2,-9.3,1949-12-29
"		105",°­¸ª,Jan-50,1.2,4.7,12.1,1950-01-27,-2.6,-12.4,1950-01-06
"		105",°­¸ª,Feb-50,-0.2,3.7,12.1,1950-02-25,-4.1,-8.2,1950-02-05
"		105",°­¸ª,Mar-50,4.8,10.2,17.2,1950-03-24,-0.1,-9.5,1950-03-12
"		105",°­¸ª,Apr-50,11.2,15.9,25.1,1950-04-27,7.2,0.8,1950-04-07
"		105",°­¸ª,May-50,17.5,22.6,32,1950-05-15,12.7,6.9,1950-05-21
"		105",°­¸ª,Jun-50,19.1,23.2,30.4,1950-06-15,15.2,9.9,1950-06-04
"		105",°­¸ª,Jul-50,24.7,28.7,34.8,1950-07-23,21.5,17.5,1950-07-12
"		105",°­¸ª,Aug-50,24.4,28.9,33.3,1950-08-06,20.9,15.9,1950-08-30
"		105",°­¸ª,Oct-50,,,,,,,
"		105",°­¸ª,Nov-50,8.3,13.1,20.8,1950-11-21,4.2,-7.6,1950-11-14
"		105",°­¸ª,Dec-50,2.1,6.3,15.1,1950-12-13,-2.7,-7,1950-12-31
"		105",°­¸ª,Sep-51,19.6,25,30,1951-09-02,15.4,11.3,1951-09-20
"		105",°­¸ª,Oct-51,14.4,19.8,28.9,1951-10-11,10.4,4.7,1951-10-28
"		105",°­¸ª,Nov-51,8.1,12.5,20.3,1951-11-14,4.9,-6.4,1951-11-26
"		105",°­¸ª,Dec-51,4.8,9.3,16.9,1951-12-22,1,-8.5,1951-12-29
"		105",°­¸ª,Jan-52,0,4.4,9.4,1952-01-29,-3.9,-9.7,1952-01-26
"		105",°­¸ª,Feb-52,-1.5,2.4,8.3,1952-02-09,-5.4,-15.9,1952-02-05
"		105",°­¸ª,Mar-52,4.4,9.2,17.9,1952-03-15,0.2,-8.1,1952-03-04
"		105",°­¸ª,Apr-52,11.8,17.3,26.9,1952-04-30,6.7,2.6,1952-04-02
"		105",°­¸ª,May-52,17.2,23.8,33.3,1952-05-14,11.4,4.5,1952-05-09
"		105",°­¸ª,Jun-52,21.3,26.7,34.4,1952-06-19,17.1,12,1952-06-02
"		105",°­¸ª,Jul-52,23.4,27.2,36.3,1952-07-25,20.6,14.2,1952-07-05
"		105",°­¸ª,Aug-52,23.9,28.4,33.2,1952-08-25,20.5,17.8,1952-08-07
"		105",°­¸ª,Sep-52,19.4,24.2,29,1952-09-04,16,8.1,1952-09-27
"		105",°­¸ª,Oct-52,13.5,19.5,24.3,1952-10-15,9.1,4.4,1952-10-12
"		105",°­¸ª,Nov-52,9.1,13.6,23.4,1952-11-05,5.6,-0.1,1952-11-19
"		105",°­¸ª,Dec-52,1.4,5.7,14.1,1952-12-14,-2.6,-9.2,1952-12-03
"		105",°­¸ª,Jan-53,-1.4,3.3,12.6,1953-01-10,-5.6,-11.9,1953-01-14
"		105",°­¸ª,Feb-53,1,5.5,15.7,1953-02-27,-3,-9.1,1953-02-08
"		105",°­¸ª,Mar-53,6.4,11.1,19,1953-03-24,2.2,-1.4,1953-03-04
"		105",°­¸ª,Apr-53,11.7,17.2,25.8,1953-04-26,7.1,3.5,1953-04-01
"		105",°­¸ª,May-53,16,21.2,27.2,1953-05-27,12.3,5,1953-05-01
"		105",°­¸ª,Jun-53,19.1,22.7,32.7,1953-06-16,16.3,13.7,1953-06-09
"		105",°­¸ª,Jul-53,23.8,27.5,35.2,1953-07-27,20.8,14.1,1953-07-01
"		105",°­¸ª,Aug-53,24.1,28.4,35.7,1953-08-19,21.1,16,1953-08-26
"		105",°­¸ª,Sep-53,19.6,24.7,29.3,1953-09-10,15.9,13.3,1953-09-24
"		105",°­¸ª,Oct-53,16,21.7,27.8,1953-10-08,11.9,8.7,1953-10-14
"		105",°­¸ª,Nov-53,8,12.8,19.6,1953-11-30,3.9,-3,1953-11-20
"		105",°­¸ª,Dec-53,4.7,8.7,21.8,1953-12-01,0.9,-4.7,1953-12-31
"		105",°­¸ª,Jan-54,1.6,5.6,11.7,1954-01-18,-1.7,-8.3,1954-01-25
"		105",°­¸ª,Feb-54,2,6.3,14.4,1954-02-11,-1.3,-7.4,1954-02-03
"		105",°­¸ª,Mar-54,5.5,10.2,20.6,1954-03-25,1.5,-7.9,1954-03-13
"		105",°­¸ª,Apr-54,11.5,16.1,22.7,1954-04-28,7.5,3.5,1954-04-09
"		105",°­¸ª,May-54,17.2,22.7,29,1954-05-18,12.7,8,1954-05-05
"		105",°­¸ª,Jun-54,17.2,20,27.9,1954-06-13,14.7,9.1,1954-06-01
"		105",°­¸ª,Jul-54,19.7,22.2,29.4,1954-07-01,17.6,14.2,1954-07-13
"		105",°­¸ª,Aug-54,24.7,28.8,35.6,1954-08-07,21.5,15.5,1954-08-01
"		105",°­¸ª,Sep-54,20.4,24.5,30.6,1954-09-16,17,10.3,1954-09-27
"		105",°­¸ª,Oct-54,13.2,18,24.1,1954-10-03,9.6,3.6,1954-10-12
"		105",°­¸ª,Nov-54,11.7,16.4,22.2,1954-11-05,7.9,4.3,1954-11-02
"		105",°­¸ª,Dec-54,2.6,7,14.3,1954-12-01,-1.4,-8.7,1954-12-15
"		105",°­¸ª,Jan-55,-0.8,4,9.4,1955-01-08,-5.2,-12.7,1955-01-16
"		105",°­¸ª,Feb-55,3.5,8.2,18.5,1955-02-26,-1.1,-14.2,1955-02-21
"		105",°­¸ª,Mar-55,5.5,9.5,24,1955-03-17,1.9,-2.9,1955-03-14
"		105",°­¸ª,Apr-55,11.7,16.5,30.6,1955-04-12,7.6,-2.9,1955-04-04
"		105",°­¸ª,May-55,15.7,21,29.7,1955-05-21,11.4,8.6,1955-05-26
"		105",°­¸ª,Jun-55,21.5,25.7,32.9,1955-06-05,18.1,11,1955-06-03
"		105",°­¸ª,Jul-55,25.2,29.3,33.9,1955-07-30,22.1,19.2,1955-07-07
"		105",°­¸ª,Aug-55,24.7,30.1,35.6,1955-08-19,20.4,17,1955-08-15
"		105",°­¸ª,Sep-55,19.5,24.1,27.6,1955-09-18,16.1,12.4,1955-09-30
"		105",°­¸ª,Oct-55,13.3,18.6,25.5,1955-10-01,9.4,3.4,1955-10-31
"		105",°­¸ª,Nov-55,8.5,14,21.4,1955-11-15,4.1,-0.3,1955-11-09
"		105",°­¸ª,Dec-55,5.2,10,17.3,1955-12-13,1.1,-6,1955-12-17
"		105",°­¸ª,Jan-56,-0.2,4.1,11.6,1956-01-05,-4.2,-12.7,1956-01-09
"		105",°­¸ª,Feb-56,-0.3,4.3,12,1956-02-03,-4,-10.4,1956-02-17
"		105",°­¸ª,Mar-56,2.7,6.7,19.8,1956-03-15,-0.7,-7.3,1956-03-09
"		105",°­¸ª,Apr-56,11.6,16.6,25.1,1956-04-22,6.8,0.8,1956-04-06
"		105",°­¸ª,May-56,17.8,23.1,29.6,1956-05-28,13.6,7.5,1956-05-04
"		105",°­¸ª,Jun-56,19.1,23.4,30.6,1956-06-15,15.7,11.2,1956-06-10
"		105",°­¸ª,Jul-56,21.6,25.7,34.5,1956-07-27,19.1,13.7,1956-07-04
"		105",°­¸ª,Aug-56,22.9,27,35,1956-08-08,19.8,13.8,1956-08-31
"		105",°­¸ª,Sep-56,19.8,24.9,32.5,1956-09-05,15.9,9.7,1956-09-27
"		105",°­¸ª,Oct-56,14.3,19.7,25.8,1956-10-09,9.8,3.1,1956-10-20
"		105",°­¸ª,Nov-56,6.8,11.9,23.2,1956-11-03,2.3,-5.7,1956-11-16
"		105",°­¸ª,Dec-56,-0.8,3.7,11.8,1956-12-03,-5,-9.6,1956-12-10
"		105",°­¸ª,Jan-57,-0.1,4.2,10.7,1957-01-02,-3.6,-8.5,1957-01-07
"		105",°­¸ª,Feb-57,-2.1,1.9,7,1957-02-25,-5.8,-15.4,1957-02-11
"		105",°­¸ª,Mar-57,2.5,6.9,17.8,1957-03-29,-1.3,-8.7,1957-03-13
"		105",°­¸ª,Apr-57,11.7,16.8,25.5,1957-04-08,7.4,-1,1957-04-01
"		105",°­¸ª,May-57,17.4,22.9,29.6,1957-05-17,13.5,7.8,1957-05-03
"		105",°­¸ª,Jun-57,19.1,23.3,30.3,1957-06-30,15.7,9.5,1957-06-08
"		105",°­¸ª,Jul-57,21.9,25.4,32.2,1957-07-29,19.5,16.6,1957-07-09
"		105",°­¸ª,Aug-57,22.3,25.7,31.5,1957-08-24,19.8,16,1957-08-29
"		105",°­¸ª,Sep-57,18,23.7,26.8,1957-09-24,13.8,10,1957-09-27
"		105",°­¸ª,Oct-57,14.1,19.5,28.1,1957-10-15,9.8,2.8,1957-10-18
"		105",°­¸ª,Nov-57,9.9,14.9,21.9,1957-11-09,5.8,-1.8,1957-11-29
"		105",°­¸ª,Dec-57,3.2,7.7,12.6,1957-12-28,-0.5,-8.2,1957-12-30
"		105",°­¸ª,Jan-58,-1.5,3,12.7,1958-01-09,-5.9,-14.9,1958-01-16
"		105",°­¸ª,Feb-58,1.7,6.1,17.7,1958-02-22,-2.7,-6.8,1958-02-28
"		105",°­¸ª,Mar-58,5.4,10.8,22.4,1958-03-23,0.2,-10.1,1958-03-03
"		105",°­¸ª,Apr-58,10.8,15.8,24.4,1958-04-21,6.3,-1.6,1958-04-02
"		105",°­¸ª,May-58,16.7,22.8,34.5,1958-05-29,11.7,5.7,1958-05-01
"		105",°­¸ª,Jun-58,20.3,25.3,35.7,1958-06-26,15.8,10,1958-06-04
"		105",°­¸ª,Jul-58,24,27.8,34.5,1958-07-19,21,15.9,1958-07-15
"		105",°­¸ª,Aug-58,23,26.7,34.1,1958-08-10,20,16.6,1958-08-23
"		105",°­¸ª,Sep-58,18.8,22.9,28.2,1958-09-15,15.3,9.5,1958-09-29
"		105",°­¸ª,Oct-58,12.8,17.8,23.2,1958-10-05,8.8,1,1958-10-27
"		105",°­¸ª,Nov-58,8.6,12.9,20.3,1958-11-09,4.8,-0.5,1958-11-19
"		105",°­¸ª,Dec-58,6.3,10.3,14.7,1958-12-07,2.9,-0.6,1958-12-29
"		105",°­¸ª,Jan-59,-1.3,2.9,12.3,1959-01-27,-5.8,-16.3,1959-01-05
"		105",°­¸ª,Feb-59,3.2,7,14.1,1959-02-03,-0.2,-5.3,1959-02-11
"		105",°­¸ª,Mar-59,7,11.2,17.3,1959-03-19,3,-4.1,1959-03-13
"		105",°­¸ª,Apr-59,12.9,18.1,26.5,1959-04-19,8.1,3.7,1959-04-01
"		105",°­¸ª,May-59,18.9,24.9,32.1,1959-05-28,13.7,9.8,1959-05-24
"		105",°­¸ª,Jun-59,19.9,24,31,1959-06-15,16.1,10.8,1959-06-12
"		105",°­¸ª,Jul-59,24.2,28.4,36.5,1959-07-30,20.6,15.9,1959-07-16
"		105",°­¸ª,Aug-59,24.8,28.9,33.8,1959-08-30,21.7,17.4,1959-08-14
"		105",°­¸ª,Sep-59,20.4,24.5,29.9,1959-09-04,17.1,12.8,1959-09-26
"		105",°­¸ª,Oct-59,15.9,21.9,27.8,1959-10-06,10.7,4.4,1959-10-30
"		105",°­¸ª,Nov-59,9,13.5,24.1,1959-11-02,5,-0.5,1959-11-22
"		105",°­¸ª,Dec-59,4.3,8.1,16.9,1959-12-09,0.4,-8.9,1959-12-17
"		105",°­¸ª,Jan-60,0,4.4,15.1,1960-01-04,-4.1,-14.4,1960-01-24
"		105",°­¸ª,Feb-60,4.7,9.3,16.1,1960-02-07,0.8,-4.9,1960-02-15
"		105",°­¸ª,Mar-60,7.2,11.7,20.2,1960-03-28,2.9,-4.8,1960-03-13
"		105",°­¸ª,Apr-60,11.4,16.6,26.2,1960-04-24,7,0.2,1960-04-08
"		105",°­¸ª,May-60,16.4,21.5,29.9,1960-05-23,12.6,7.7,1960-05-06
"		105",°­¸ª,Jun-60,20.6,25.1,33.2,1960-06-20,17.1,11.8,1960-06-12
"		105",°­¸ª,Jul-60,24.1,28,36.4,1960-07-21,21.5,15,1960-07-10
"		105",°­¸ª,Aug-60,25.2,29.6,34.8,1960-08-08,22,17.9,1960-08-28
"		105",°­¸ª,Sep-60,20.7,25.2,30.5,1960-09-20,16.9,12.4,1960-09-29
"		105",°­¸ª,Oct-60,14.6,20.1,24,1960-10-01,10.6,6.2,1960-10-28
"		105",°­¸ª,Nov-60,9.4,14.4,21.6,1960-11-21,5.3,-7.5,1960-11-27
"		105",°­¸ª,Dec-60,1.4,5.7,14.3,1960-12-11,-2.7,-13.2,1960-12-31
"		105",°­¸ª,Jan-61,-1,3.8,9.5,1961-01-23,-5.2,-12.4,1961-01-12
"		105",°­¸ª,Feb-61,1.3,5.9,15.3,1961-02-28,-2.8,-11,1961-02-01
"		105",°­¸ª,Mar-61,6.9,11.1,18.9,1961-03-31,2.6,-3.3,1961-03-10
"		105",°­¸ª,Apr-61,13.5,18.9,30.1,1961-04-20,7.7,2.7,1961-04-09
"		105",°­¸ª,May-61,18.6,24,32.6,1961-05-26,12.9,3.4,1961-05-05
"		105",°­¸ª,Jun-61,21.3,25.9,31.8,1961-06-06,16.5,11.3,1961-06-03
"		105",°­¸ª,Jul-61,27,31.3,36.5,1961-07-26,23.1,18.8,1961-07-01
"		105",°­¸ª,Aug-61,25.4,29,34.9,1961-08-11,22,17,1961-08-29
"		105",°­¸ª,Sep-61,21,25.1,33.6,1961-09-04,17.1,11.8,1961-09-18
"		105",°­¸ª,Oct-61,15.6,19.5,23.5,1961-10-22,12,8.2,1961-10-31
"		105",°­¸ª,Nov-61,10.7,15.3,21,1961-11-07,6.7,-0.3,1961-11-24
"		105",°­¸ª,Dec-61,2.9,7.6,17.5,1961-12-12,-1.1,-9.2,1961-12-14
"		105",°­¸ª,Jan-62,-0.6,3.7,8.2,1962-01-10,-4.4,-8.7,1962-01-27
"		105",°­¸ª,Feb-62,2,6.7,15.3,1962-02-10,-2,-6.2,1962-02-13
"		105",°­¸ª,Mar-62,5.5,10.2,22,1962-03-14,0.9,-5.3,1962-03-17
"		105",°­¸ª,Apr-62,12.1,16.9,25.9,1962-04-22,7.2,-2.9,1962-04-04
"		105",°­¸ª,May-62,19.3,25,32.6,1962-05-30,12.9,7.3,1962-05-01
"		105",°­¸ª,Jun-62,19.9,24.6,37,1962-06-17,15,11.9,1962-06-07
"		105",°­¸ª,Jul-62,24.1,28.1,36.5,1962-07-30,20.7,17.3,1962-07-09
"		105",°­¸ª,Aug-62,25,29.2,35.1,1962-08-12,21.5,18.6,1962-08-20
"		105",°­¸ª,Sep-62,19.7,23.7,29.2,1962-09-11,16.1,9.4,1962-09-26
"		105",°­¸ª,Oct-62,13.8,18.8,25.1,1962-10-02,9.3,3.1,1962-10-15
"		105",°­¸ª,Nov-62,7.2,11.5,22.1,1962-11-14,3.8,-3.4,1962-11-30
"		105",°­¸ª,Dec-62,3.9,8.4,14.1,1962-12-29,0.3,-7.7,1962-12-31
"		105",°­¸ª,Jan-63,-5.2,-0.6,5.4,1963-01-17,-8.9,-15.7,1963-01-23
"		105",°­¸ª,Feb-63,-0.1,4.5,12.1,1963-02-23,-4.1,-8.2,1963-02-01
"		105",°­¸ª,Mar-63,5.4,10.1,22.8,1963-03-20,1,-3.9,1963-03-07
"		105",°­¸ª,Apr-63,10,14.9,23.3,1963-04-27,5.7,-0.5,1963-04-07
"		105",°­¸ª,May-63,15.2,20.1,28,1963-05-13,10.1,4.6,1963-05-03
"		105",°­¸ª,Jun-63,18.2,22.5,31.1,1963-06-21,14.8,10.1,1963-06-06
"		105",°­¸ª,Jul-63,24.4,28,33.5,1963-07-14,21.5,17.3,1963-07-12
"		105",°­¸ª,Aug-63,24.6,28,32.4,1963-08-02,21.7,18.2,1963-08-27
"		105",°­¸ª,Sep-63,19.8,24.9,29.6,1963-09-05,15.5,10.7,1963-09-26
"		105",°­¸ª,Oct-63,13.6,19.2,24.6,1963-10-03,9.1,4.1,1963-10-18
"		105",°­¸ª,Nov-63,9.1,14.6,20.2,1963-11-05,4.6,-3.3,1963-11-30
"		105",°­¸ª,Dec-63,4.1,8.6,15.3,1963-12-23,0,-10.1,1963-12-27
"		105",°­¸ª,Jan-64,1.1,5,17.4,1964-01-12,-2.2,-7.1,1964-01-20
"		105",°­¸ª,Feb-64,-2.3,2,8.5,1964-02-29,-5.7,-13.5,1964-02-13
"		105",°­¸ª,Mar-64,4.2,8.8,20.8,1964-03-30,0.1,-3.3,1964-03-09
"		105",°­¸ª,Apr-64,7.9,11.5,24.6,1964-04-14,4.5,-1.1,1964-04-09
"		105",°­¸ª,May-64,18.2,22.7,31.1,1964-05-07,13.6,6.5,1964-05-01
"		105",°­¸ª,Jun-64,20.2,24.2,33.1,1964-06-26,16.4,12.5,1964-06-10
"		105",°­¸ª,Jul-64,24.1,27.8,34.6,1964-07-31,20.8,14.6,1964-07-21
"		105",°­¸ª,Aug-64,25.6,29.4,35.3,1964-08-05,22.6,19.7,1964-08-27
"		105",°­¸ª,Sep-64,18.8,22.2,28.9,1964-09-12,15.8,10.5,1964-09-29
"		105",°­¸ª,Oct-64,14,19.4,24,1964-10-16,10,4.6,1964-10-25
"		105",°­¸ª,Nov-64,8.7,13.3,18.2,1964-11-27,4.5,-2.1,1964-11-24
"		105",°­¸ª,Dec-64,3.1,8.3,15.4,1964-12-23,-0.8,-6.4,1964-12-12
"		105",°­¸ª,Jan-65,-1,4,9.4,1965-01-30,-4.7,-14.8,1965-01-12
"		105",°­¸ª,Feb-65,0.5,5,12,1965-02-09,-3.4,-12.6,1965-02-03
"		105",°­¸ª,Mar-65,4.5,8.9,17.5,1965-03-30,0.1,-5.3,1965-03-05
"		105",°­¸ª,Apr-65,9.8,14.5,25.7,1965-04-16,5.2,-1,1965-04-04
"		105",°­¸ª,May-65,18,23.4,30.8,1965-05-23,12.6,6.1,1965-05-01
"		105",°­¸ª,Jun-65,21.2,26.1,35.1,1965-06-28,16.5,9.6,1965-06-08
"		105",°­¸ª,Jul-65,22.5,26.1,33,1965-07-31,19.6,16.3,1965-07-24
"		105",°­¸ª,Aug-65,24.4,28.2,34.3,1965-08-16,21.4,18.3,1965-08-26
"		105",°­¸ª,Sep-65,20.7,25.9,32.2,1965-09-22,16.2,11.2,1965-09-28
"		105",°­¸ª,Oct-65,14.9,20.2,26.9,1965-10-28,10.8,5.1,1965-10-17
"		105",°­¸ª,Nov-65,9.4,14,20,1965-11-23,4.9,-4.6,1965-11-30
"		105",°­¸ª,Dec-65,1.6,6.8,14.9,1965-12-11,-3,-13.4,1965-12-17
"		105",°­¸ª,Jan-66,-0.7,4.6,12.6,1966-01-16,-4.8,-12.1,1966-01-20
"		105",°­¸ª,Feb-66,2.7,7.9,16.6,1966-02-09,-1.8,-10,1966-02-05
"		105",°­¸ª,Mar-66,5.8,9.9,20.4,1966-03-02,2.1,-4.2,1966-03-08
"		105",°­¸ª,Apr-66,11.2,16,26.6,1966-04-28,6.6,0.9,1966-04-05
"		105",°­¸ª,May-66,18.1,23.5,31.6,1966-05-06,12.3,4.3,1966-05-01
"		105",°­¸ª,Jun-66,19.4,23.4,31.7,1966-06-23,15.6,7.7,1966-06-06
"		105",°­¸ª,Jul-66,23.7,27.6,33.8,1966-07-29,20.6,11.9,1966-07-03
"		105",°­¸ª,Aug-66,25.2,29.1,35,1966-08-10,22.2,17.7,1966-08-20
"		105",°­¸ª,Sep-66,17.3,21,28.4,1966-09-30,14.1,10.3,1966-09-15
"		105",°­¸ª,Oct-66,14.5,19.2,26.9,1966-10-01,11.2,2.9,1966-10-28
"		105",°­¸ª,Nov-66,8.6,13.9,21.1,1966-11-01,3.7,-7.8,1966-11-30
"		105",°­¸ª,Dec-66,0.9,5.8,13.2,1966-12-17,-3,-11,1966-12-27
"		105",°­¸ª,Jan-67,-1,3.8,15.6,1967-01-26,-5.1,-15.8,1967-01-16
"		105",°­¸ª,Feb-67,0.3,4.9,19.4,1967-02-22,-3.1,-9.9,1967-02-13
"		105",°­¸ª,Mar-67,7.4,12,20,1967-03-29,3.2,-4.1,1967-03-06
"		105",°­¸ª,Apr-67,11.7,16,26.1,1967-04-29,7.1,1,1967-04-17
"		105",°­¸ª,May-67,19.4,24.6,33.5,1967-05-18,13.8,8.3,1967-05-20
"		105",°­¸ª,Jun-67,20.2,24,31.3,1967-06-23,16.6,12.3,1967-06-07
"		105",°­¸ª,Jul-67,24,27.8,35.8,1967-07-17,20.6,13.8,1967-07-05
"		105",°­¸ª,Aug-67,27,30.9,36.3,1967-08-09,23.9,19.9,1967-08-31
"		105",°­¸ª,Sep-67,18.5,22.8,31.4,1967-09-02,14.9,10.7,1967-09-25
"		105",°­¸ª,Oct-67,14.7,19.7,23.7,1967-10-10,10.5,7.6,1967-10-17
"		105",°­¸ª,Nov-67,8.1,12.9,22,1967-11-07,4.4,-1.1,1967-11-30
"		105",°­¸ª,Dec-67,-1.4,3.3,12.5,1967-12-19,-5.3,-14,1967-12-29
"		105",°­¸ª,Jan-68,-0.5,4.2,11.9,1968-01-12,-4.6,-13.1,1968-01-15
"		105",°­¸ª,Feb-68,-2.2,2.8,11,1968-02-18,-6,-11.4,1968-02-02
"		105",°­¸ª,Mar-68,6.6,11.3,23.4,1968-03-29,1.5,-5.2,1968-03-03
"		105",°­¸ª,Apr-68,12.3,17.4,24.2,1968-04-30,6.6,2,1968-04-12
"		105",°­¸ª,May-68,15.9,20.3,27.3,1968-05-10,11.6,7.2,1968-05-08
"		105",°­¸ª,Jun-68,19.8,24.5,33.6,1968-06-05,15.4,10,1968-06-04
"		105",°­¸ª,Jul-68,23.5,26.6,36.1,1968-07-23,20.7,15.8,1968-07-04
"		105",°­¸ª,Aug-68,23.4,27.1,33,1968-08-19,19.9,14.9,1968-08-31
"		105",°­¸ª,Sep-68,19.9,24.6,30.5,1968-09-11,15.4,10.4,1968-09-30
"		105",°­¸ª,Oct-68,13.1,18.3,27.8,1968-10-05,9,4.6,1968-10-25
"		105",°­¸ª,Nov-68,9.4,15.1,22.8,1968-11-26,4.7,-6.3,1968-11-10
"		105",°­¸ª,Dec-68,5.3,9.6,20.6,1968-12-06,1.8,-7.8,1968-12-31
"		105",°­¸ª,Jan-69,-0.6,3.3,13.9,1969-01-19,-4,-13.2,1969-01-03
"		105",°­¸ª,Feb-69,-0.8,2.5,13.8,1969-02-12,-3.9,-11.6,1969-02-06
"		105",°­¸ª,Mar-69,3.8,8,22.4,1969-03-26,-0.3,-6.5,1969-03-01
"		105",°­¸ª,Apr-69,11.8,16.7,27.6,1969-04-13,6.8,0.1,1969-04-04
"		105",°­¸ª,May-69,18,23,31.4,1969-05-09,13.3,9.2,1969-05-28
"		105",°­¸ª,Jun-69,20.8,25.2,32.2,1969-06-09,16.3,8.1,1969-06-07
"		105",°­¸ª,Jul-69,24.5,28.2,35.6,1969-07-29,21.1,14.3,1969-07-10
"		105",°­¸ª,Aug-69,25,28.8,33.7,1969-08-12,21.5,16.5,1969-08-26
"		105",°­¸ª,Sep-69,19.2,23.3,30,1969-09-18,15.7,10.9,1969-09-27
"		105",°­¸ª,Oct-69,14.2,19.7,26.7,1969-10-15,9.8,3.6,1969-10-10
"		105",°­¸ª,Nov-69,7.6,12.7,22.1,1969-11-13,3,-3.8,1969-11-25
"		105",°­¸ª,Dec-69,1.1,5.8,16.7,1969-12-06,-3.4,-10.7,1969-12-27
"		105",°­¸ª,Jan-70,-1.2,4.3,12.6,1970-01-28,-5.1,-14.7,1970-01-05
"		105",°­¸ª,Feb-70,2.2,6.7,17.1,1970-02-18,-1.9,-9.5,1970-02-09
"		105",°­¸ª,Mar-70,2.4,7,21.6,1970-03-29,-1.8,-7.9,1970-03-01
"		105",°­¸ª,Apr-70,11.4,16.8,25.7,1970-04-17,6.2,-0.2,1970-04-05
"		105",°­¸ª,May-70,17.7,22.1,31.9,1970-05-18,13.6,9.4,1970-05-07
"		105",°­¸ª,Jun-70,19.9,24.3,33.2,1970-06-28,15.9,8.3,1970-06-02
"		105",°­¸ª,Jul-70,23.6,27.3,36.7,1970-07-23,20.3,13,1970-07-09
"		105",°­¸ª,Aug-70,23.8,26.9,33.3,1970-08-04,21.2,18.8,1970-08-18
"		105",°­¸ª,Sep-70,20.3,24.4,32.2,1970-09-08,16.8,7.7,1970-09-30
"		105",°­¸ª,Oct-70,14.8,19.6,27,1970-10-08,10.7,1.9,1970-10-30
"		105",°­¸ª,Nov-70,8,13,21.1,1970-11-09,4.1,-9.3,1970-11-30
"		105",°­¸ª,Dec-70,2.1,6.6,17,1970-12-17,-1.6,-7.4,1970-12-25
"		105",°­¸ª,Jan-71,-0.3,3.9,13.5,1971-01-18,-3.4,-10.8,1971-01-05
"		105",°­¸ª,Feb-71,0,4.3,14,1971-02-16,-2.9,-9.7,1971-02-01
"		105",°­¸ª,Mar-71,4.1,8.4,24,1971-03-28,0.1,-8.6,1971-03-07
"		105",°­¸ª,Apr-71,12,17,26,1971-04-22,6.5,0.9,1971-04-07
"		105",°­¸ª,May-71,17.6,22.4,32.1,1971-05-26,13,4.4,1971-05-05
"		105",°­¸ª,Jun-71,20.4,24.4,31.7,1971-06-16,17.1,11.7,1971-06-04
"		105",°­¸ª,Jul-71,24.6,28.3,34.5,1971-07-28,21.6,18.1,1971-07-03
"		105",°­¸ª,Aug-71,23.1,26.6,36.1,1971-08-01,20.3,14.9,1971-08-25
"		105",°­¸ª,Sep-71,18.9,22.9,27.2,1971-09-06,15.5,10.8,1971-09-20
"		105",°­¸ª,Oct-71,13.8,19.6,25.7,1971-10-10,9.5,3.6,1971-10-12
"		105",°­¸ª,Nov-71,10.1,15.3,24.8,1971-11-01,6.2,-6.5,1971-11-29
"		105",°­¸ª,Dec-71,2.7,7.4,14.7,1971-12-02,-1.1,-5.5,1971-12-22
"		105",°­¸ª,Jan-72,2.2,5.7,12.8,1972-01-19,-0.5,-5.7,1972-01-28
"		105",°­¸ª,Feb-72,-0.2,3.1,6.5,1972-02-18,-2.6,-7,1972-02-20
"		105",°­¸ª,Mar-72,5.1,9.5,21.5,1972-03-28,1.1,-6.8,1972-03-01
"		105",°­¸ª,Apr-72,11.8,17,28.2,1972-04-29,7.3,-3.5,1972-04-01
"		105",°­¸ª,May-72,16.5,21.8,31.8,1972-05-07,11.5,6.8,1972-05-10
"		105",°­¸ª,Jun-72,21.7,27.4,33.8,1972-06-10,16.7,12.9,1972-06-13
"		105",°­¸ª,Jul-72,25.1,29.8,36,1972-07-05,21.3,15.6,1972-07-15
"		105",°­¸ª,Aug-72,24.3,29.1,35.6,1972-08-16,20.6,15.9,1972-08-23
"		105",°­¸ª,Sep-72,18.5,23.1,29.3,1972-09-03,15,10.8,1972-09-25
"		105",°­¸ª,Oct-72,15.1,20.3,25.9,1972-10-14,10.8,4.9,1972-10-22
"		105",°­¸ª,Nov-72,7.4,11.5,19,1972-11-02,3.7,-4.4,1972-11-28
"		105",°­¸ª,Dec-72,3.5,7.8,16.8,1972-12-05,-0.5,-9.2,1972-12-13
"		105",°­¸ª,Jan-73,1,4.6,8.8,1973-01-05,-1.7,-9.5,1973-01-03
"		105",°­¸ª,Feb-73,2.7,7.3,16.2,1973-02-16,-1,-7.8,1973-02-07
"		105",°­¸ª,Mar-73,5.3,10.3,24.4,1973-03-31,0.9,-4.2,1973-03-06
"		105",°­¸ª,Apr-73,14.1,18.8,27.2,1973-04-29,9.1,1.6,1973-04-03
"		105",°­¸ª,May-73,17.3,22,28.3,1973-05-30,12.9,7.9,1973-05-04
"		105",°­¸ª,Jun-73,19.7,22.8,31.3,1973-06-25,16.1,9.9,1973-06-03
"		105",°­¸ª,Jul-73,26.2,30.7,36.4,1973-07-15,22.5,16.5,1973-07-01
"		105",°­¸ª,Aug-73,26.5,31,37.2,1973-08-12,23.2,18.8,1973-08-25
"		105",°­¸ª,Sep-73,19.4,24.3,28.3,1973-09-07,15.8,9.1,1973-09-27
"		105",°­¸ª,Oct-73,13.8,18.6,27.4,1973-10-01,9.7,4.4,1973-10-18
"		105",°­¸ª,Nov-73,7.7,11.9,20.3,1973-11-09,3.5,-3.6,1973-11-22
"		105",°­¸ª,Dec-73,0.5,5.4,12.1,1973-12-02,-3.4,-12.8,1973-12-24
"		105",°­¸ª,Jan-74,-0.6,3.9,12.4,1974-01-02,-4.3,-12.7,1974-01-24
"		105",°­¸ª,Feb-74,-0.3,3.5,12.7,1974-02-16,-3.6,-12,1974-02-26
"		105",°­¸ª,Mar-74,4.5,9,17.2,1974-03-30,0.4,-7.7,1974-03-12
"		105",°­¸ª,Apr-74,11.7,16.9,24.8,1974-04-23,7,0.4,1974-04-01
"		105",°­¸ª,May-74,16.9,21.7,33.7,1974-05-28,12.2,8,1974-05-27
"		105",°­¸ª,Jun-74,19.5,24,32.7,1974-06-15,15,8.7,1974-06-05
"		105",°­¸ª,Jul-74,19.2,21.6,30.6,1974-07-31,17.5,14.6,1974-07-07
"		105",°­¸ª,Aug-74,24.2,28.3,34.4,1974-08-02,20.9,15.2,1974-08-26
"		105",°­¸ª,Sep-74,20.2,25.4,29.8,1974-09-03,16.2,12.1,1974-09-19
"		105",°­¸ª,Oct-74,14.4,18.9,25.4,1974-10-06,10.3,1.6,1974-10-31
"		105",°­¸ª,Nov-74,7.9,13.1,23.5,1974-11-06,3.6,-2,1974-11-13
"		105",°­¸ª,Dec-74,1.7,5.6,11.1,1974-12-01,-1.6,-5.3,1974-12-15
"		105",°­¸ª,Jan-75,0,4.4,11.1,1975-01-08,-3.3,-9.6,1975-01-18
"		105",°­¸ª,Feb-75,0.2,4.3,9.6,1975-02-06,-3.5,-8.3,1975-02-18
"		105",°­¸ª,Mar-75,4.9,9.1,17.1,1975-03-28,0.9,-5,1975-03-02
"		105",°­¸ª,Apr-75,12,16.7,23.2,1975-04-25,7.6,1.9,1975-04-02
"		105",°­¸ª,May-75,16.5,20.6,28.4,1975-05-22,12.4,7.5,1975-05-12
"		105",°­¸ª,Jun-75,19.5,22.8,31.3,1975-06-19,16.6,11.6,1975-06-01
"		105",°­¸ª,Jul-75,24.8,28.7,36.3,1975-07-20,21.6,14.5,1975-07-08
"		105",°­¸ª,Aug-75,25.8,30.1,36.2,1975-08-04,21.7,15.6,1975-08-24
"		105",°­¸ª,Sep-75,21.4,25.4,33.7,1975-09-03,18,13.5,1975-09-30
"		105",°­¸ª,Oct-75,14.7,19,25.2,1975-10-06,10.9,5.8,1975-10-30
"		105",°­¸ª,Nov-75,9.6,13.5,19,1975-11-17,6,-3.6,1975-11-24
"		105",°­¸ª,Dec-75,2.4,7.2,16.3,1975-12-03,-1.2,-7.2,1975-12-23
"		105",°­¸ª,Jan-76,-0.2,4.8,13.4,1976-01-03,-4.5,-13.1,1976-01-20
"		105",°­¸ª,Feb-76,3.2,7.5,15.2,1976-02-27,-0.3,-4.8,1976-02-07
"		105",°­¸ª,Mar-76,6.3,10.6,17.4,1976-03-08,2.3,-4.2,1976-03-20
"		105",°­¸ª,Apr-76,12.1,16.7,25.1,1976-04-28,6.9,1.4,1976-04-02
"		105",°­¸ª,May-76,18,23,32.2,1976-05-24,12.6,7.1,1976-05-05
"		105",°­¸ª,Jun-76,20.4,24.3,30.8,1976-06-27,16.5,13.3,1976-06-03
"		105",°­¸ª,Jul-76,22.8,26.4,33.1,1976-07-23,19.2,12.9,1976-07-05
"		105",°­¸ª,Aug-76,23,26.4,33.5,1976-08-21,20,16,1976-08-29
"		105",°­¸ª,Sep-76,19,23.6,29.4,1976-09-06,15,11.9,1976-09-23
"		105",°­¸ª,Oct-76,14.9,19.6,25.7,1976-10-02,10.6,1.4,1976-10-29
"		105",°­¸ª,Nov-76,6.9,11.8,22.4,1976-11-03,2.6,-3.9,1976-11-29
"		105",°­¸ª,Dec-76,2.5,6.9,15.1,1976-12-03,-1.4,-15.3,1976-12-27
"		105",°­¸ª,Jan-77,-3.1,1.9,9.1,1977-01-25,-6.4,-12.2,1977-01-01
"		105",°­¸ª,Feb-77,0.5,5.7,20.5,1977-02-25,-3.9,-14,1977-02-16
"		105",°­¸ª,Mar-77,5.7,10.3,19.5,1977-03-08,1.2,-11,1977-03-05
"		105",°­¸ª,Apr-77,12.4,17.9,26.6,1977-04-11,6.8,0.8,1977-04-04
"		105",°­¸ª,May-77,17.5,22,31.3,1977-05-20,12.8,5.1,1977-05-15
"		105",°­¸ª,Jun-77,19.1,23,29.9,1977-06-08,15.9,12,1977-06-19
"		105",°­¸ª,Jul-77,25.7,29.7,37.9,1977-07-31,22.2,17.2,1977-07-12
"		105",°­¸ª,Aug-77,22.8,26.9,35.5,1977-08-02,19.5,15.1,1977-08-27
"		105",°­¸ª,Sep-77,20.4,25,31.7,1977-09-05,16.5,8.8,1977-09-22
"		105",°­¸ª,Oct-77,17,22.3,27,1977-10-14,12.5,7.7,1977-10-17
"		105",°­¸ª,Nov-77,8.5,12.6,19.1,1977-11-05,4.9,-1.9,1977-11-30
"		105",°­¸ª,Dec-77,5.2,9.8,17,1977-12-15,1.6,-5.3,1977-12-26
"		105",°­¸ª,Jan-78,0.6,5.2,11.3,1978-01-26,-3.1,-12,1978-01-31
"		105",°­¸ª,Feb-78,-0.5,3.8,11.2,1978-02-27,-4.6,-13.6,1978-02-01
"		105",°­¸ª,Mar-78,5.9,10.9,22,1978-03-27,1.4,-6.2,1978-03-01
"		105",°­¸ª,Apr-78,13.5,19.3,28.9,1978-04-14,8.5,0.7,1978-04-03
"		105",°­¸ª,May-78,18.5,24.2,31.9,1978-05-26,13.1,6,1978-05-07
"		105",°­¸ª,Jun-78,22.2,26.8,33.8,1978-06-24,18.1,13.2,1978-06-05
"		105",°­¸ª,Jul-78,26.2,30.9,37.1,1978-07-04,22.8,18.5,1978-07-13
"		105",°­¸ª,Aug-78,25.7,30,35.3,1978-08-06,22.6,17.9,1978-08-31
"		105",°­¸ª,Sep-78,20.2,24.6,29.8,1978-09-24,16.8,13,1978-09-11
"		105",°­¸ª,Oct-78,14.8,20.4,30.5,1978-10-02,10.2,3.5,1978-10-29
"		105",°­¸ª,Nov-78,9.7,14.5,20.4,1978-11-05,5.7,-2.6,1978-11-28
"		105",°­¸ª,Dec-78,4.7,9.4,16.7,1978-12-08,1,-6.8,1978-12-30
"		105",°­¸ª,Jan-79,3.3,7.4,15,1979-01-08,-0.3,-7.8,1979-01-19
"		105",°­¸ª,Feb-79,3.7,8.4,20.3,1979-02-21,-0.3,-10,1979-02-02
"		105",°­¸ª,Mar-79,7.4,12.4,21.7,1979-03-28,3,-2.6,1979-03-02
"		105",°­¸ª,Apr-79,11.6,16.1,25.5,1979-04-23,6.9,1.8,1979-04-03
"		105",°­¸ª,May-79,17.1,22.2,34.9,1979-05-29,11.9,6.2,1979-05-17
"		105",°­¸ª,Jun-79,21.6,26,34,1979-06-23,18,14.2,1979-06-14
"		105",°­¸ª,Jul-79,23.6,27.4,35,1979-07-30,20.5,16,1979-07-18
"		105",°­¸ª,Aug-79,24.7,28.7,34.4,1979-08-11,21,14.3,1979-08-31
"		105",°­¸ª,Sep-79,19.9,24.5,30.4,1979-09-21,15.7,10.4,1979-09-27
"		105",°­¸ª,Oct-79,16.5,22.2,28.1,1979-10-10,11.4,5.8,1979-10-22
"		105",°­¸ª,Nov-79,8.9,14.3,26.1,1979-11-04,3.7,-6.9,1979-11-14
"		105",°­¸ª,Dec-79,5,9.8,15.7,1979-12-03,0.9,-6.8,1979-12-25
"		105",°­¸ª,Jan-80,-0.3,4.5,14.8,1980-01-27,-4.6,-13.6,1980-01-31
"		105",°­¸ª,Feb-80,-0.2,4.7,15.2,1980-02-26,-4.4,-12,1980-02-01
"		105",°­¸ª,Mar-80,5.9,10.5,19.7,1980-03-30,1.6,-2.4,1980-03-12
"		105",°­¸ª,Apr-80,10.7,16,25.6,1980-04-19,5.2,0.2,1980-04-15
"		105",°­¸ª,May-80,19.5,24.6,32.6,1980-05-22,14.6,8,1980-05-01
"		105",°­¸ª,Jun-80,23.5,28.9,34.7,1980-06-22,19.3,14.7,1980-06-09
"		105",°­¸ª,Jul-80,21.7,25.5,33.2,1980-07-24,19.1,15.4,1980-07-01
"		105",°­¸ª,Aug-80,20.8,23.7,31.2,1980-08-24,18.6,14.5,1980-08-01
"		105",°­¸ª,Sep-80,19.2,24.2,30.1,1980-09-15,15.2,9.8,1980-09-23
"		105",°­¸ª,Oct-80,13.8,18.7,28.8,1980-10-07,9.3,0.9,1980-10-26
"		105",°­¸ª,Nov-80,10.9,15.6,22.2,1980-11-06,6.2,0.5,1980-11-13
"		105",°­¸ª,Dec-80,-0.3,4.9,16.4,1980-12-01,-4.5,-12.4,1980-12-13
"		105",°­¸ª,Jan-81,-2.9,2.4,6.4,1981-01-08,-6.2,-9.9,1981-01-11
"		105",°­¸ª,Feb-81,0.4,4.8,14.1,1981-02-15,-3.3,-15.7,1981-02-26
"		105",°­¸ª,Mar-81,5.5,10.6,22.8,1981-03-19,1,-7.1,1981-03-10
"		105",°­¸ª,Apr-81,12.8,17.8,27.4,1981-04-22,7.7,1.2,1981-04-20
"		105",°­¸ª,May-81,16.6,22,31.4,1981-05-26,11.6,6.6,1981-05-18
"		105",°­¸ª,Jun-81,19.3,23.8,32.7,1981-06-17,15.1,6.2,1981-06-01
"		105",°­¸ª,Jul-81,25.2,29.1,36.4,1981-07-19,22.1,14.9,1981-07-04
"		105",°­¸ª,Aug-81,23.7,28.1,35.4,1981-08-03,20,15.7,1981-08-29
"		105",°­¸ª,Sep-81,19.1,23.9,30.5,1981-09-22,14.8,9.4,1981-09-29
"		105",°­¸ª,Oct-81,14.5,19.4,25.4,1981-10-05,9.5,1.5,1981-10-23
"		105",°­¸ª,Nov-81,6,10.2,16.2,1981-11-15,2.5,-4.9,1981-11-08
"		105",°­¸ª,Dec-81,3.4,8.1,14,1981-12-27,-0.3,-7.1,1981-12-15
"		105",°­¸ª,Jan-82,-0.3,4.4,14.2,1982-01-11,-4.2,-11.6,1982-01-29
"		105",°­¸ª,Feb-82,1.5,6,13.5,1982-02-27,-2.3,-10.6,1982-02-07
"		105",°­¸ª,Mar-82,6.7,11.5,21.7,1982-03-29,2,-4.2,1982-03-07
"		105",°­¸ª,Apr-82,12.5,17.7,27.4,1982-04-25,7,0.7,1982-04-09
"		105",°­¸ª,May-82,18.4,22.6,31.3,1982-05-11,13.8,6.4,1982-05-21
"		105",°­¸ª,Jun-82,20.7,25.1,32.9,1982-06-11,16.6,9.2,1982-06-03
"		105",°­¸ª,Jul-82,23.8,27.9,33.8,1982-07-10,20.2,16,1982-07-03
"		105",°­¸ª,Aug-82,25.3,29,34.7,1982-08-10,22.3,16.2,1982-08-24
"		105",°­¸ª,Sep-82,19.9,25.1,30.1,1982-09-20,15.2,11.4,1982-09-26
"		105",°­¸ª,Oct-82,16.1,21.7,29.9,1982-10-07,11.4,0.4,1982-10-25
"		105",°­¸ª,Nov-82,9.6,14.3,22.2,1982-11-07,5.9,-2.8,1982-11-25
"		105",°­¸ª,Dec-82,2.8,7.5,13,1982-12-21,-0.8,-6.7,1982-12-06
"		105",°­¸ª,Jan-83,1.2,6,13,1983-01-28,-2.4,-11,1983-01-10
"		105",°­¸ª,Feb-83,-0.1,4.5,12.5,1983-02-28,-3.7,-11,1983-02-13
"		105",°­¸ª,Mar-83,4.9,9.7,18.3,1983-03-20,0.5,-6.2,1983-03-08
"		105",°­¸ª,Apr-83,13.7,19.4,30.1,1983-04-25,8.4,0.5,1983-04-02
"		105",°­¸ª,May-83,18.5,23.6,34.7,1983-05-31,13.4,5,1983-05-07
"		105",°­¸ª,Jun-83,19,23.5,34.5,1983-06-14,15.7,11.7,1983-06-05
"		105",°­¸ª,Jul-83,23.1,26.9,36,1983-07-28,19.8,13.7,1983-07-12
"		105",°­¸ª,Aug-83,24.9,28.5,37.6,1983-08-04,21.9,16,1983-08-22
"		105",°­¸ª,Sep-83,20.8,25,31.3,1983-09-01,17.2,11.6,1983-09-30
"		105",°­¸ª,Oct-83,14.8,19.3,26.9,1983-10-02,10.9,3.7,1983-10-24
"		105",°­¸ª,Nov-83,8.5,13.6,20.2,1983-11-02,4.1,-3.8,1983-11-17
"		105",°­¸ª,Dec-83,2.1,6.9,13.9,1983-12-10,-1.7,-9.6,1983-12-25
"		105",°­¸ª,Jan-84,-2.7,2.3,8.7,1984-01-10,-6.1,-10.7,1984-01-26
"		105",°­¸ª,Feb-84,-1.6,3.2,7.9,1984-02-21,-5.3,-13.9,1984-02-07
"		105",°­¸ª,Mar-84,3.4,8.1,19.1,1984-03-29,-0.3,-4.7,1984-03-04
"		105",°­¸ª,Apr-84,8.9,13.6,22.2,1984-04-17,4.5,-0.6,1984-04-02
"		105",°­¸ª,May-84,16.7,21.5,29.3,1984-05-07,11.8,6.8,1984-05-01
"		105",°­¸ª,Jun-84,21.1,24.9,29.9,1984-06-13,17.5,14.2,1984-06-24
"		105",°­¸ª,Jul-84,23.9,27.7,35.2,1984-07-02,20.9,18,1984-07-20
"		105",°­¸ª,Aug-84,26.1,29.9,36.7,1984-08-11,23.1,18.8,1984-08-30
"		105",°­¸ª,Sep-84,20.1,24.3,28.8,1984-09-23,16.5,13.4,1984-09-27
"		105",°­¸ª,Oct-84,14.8,20,25.6,1984-10-25,9.7,3,1984-10-21
"		105",°­¸ª,Nov-84,10.2,14.8,25.9,1984-11-06,6,-1.2,1984-11-27
"		105",°­¸ª,Dec-84,2,6.5,15.4,1984-12-03,-1.5,-10.1,1984-12-25
"		105",°­¸ª,Jan-85,-1.9,3.3,9,1985-01-22,-5.8,-13.5,1985-01-14
"		105",°­¸ª,Feb-85,1.8,6.3,13.2,1985-02-06,-1.7,-8.9,1985-02-22
"		105",°­¸ª,Mar-85,5.6,10.2,15.9,1985-03-19,1.8,-3.9,1985-03-10
"		105",°­¸ª,Apr-85,12.2,17,30.1,1985-04-30,7.3,1.8,1985-04-13
"		105",°­¸ª,May-85,17.9,22.7,30.2,1985-05-17,12.7,7.3,1985-05-14
"		105",°­¸ª,Jun-85,20.1,24.1,31.7,1985-06-06,16.4,9.9,1985-06-15
"		105",°­¸ª,Jul-85,25.9,30.1,34.3,1985-07-24,22.4,18.5,1985-07-04
"		105",°­¸ª,Aug-85,25.9,29.5,36,1985-08-07,22.9,19.4,1985-08-31
"		105",°­¸ª,Sep-85,20.3,24.2,32.8,1985-09-03,17.3,10.1,1985-09-30
"		105",°­¸ª,Oct-85,15.6,20.1,26.7,1985-10-03,11.8,6.2,1985-10-18
"		105",°­¸ª,Nov-85,7.7,12,19,1985-11-05,3.8,-2.4,1985-11-29
"		105",°­¸ª,Dec-85,0.7,5.6,13.2,1985-12-04,-3.4,-10.7,1985-12-16
"		105",°­¸ª,Jan-86,-2,3.2,12.4,1986-01-19,-6.2,-15.2,1986-01-05
"		105",°­¸ª,Feb-86,-1.5,3.4,9.7,1986-02-12,-5.3,-9.2,1986-02-27
"		105",°­¸ª,Mar-86,4.5,9.3,18.5,1986-03-27,0.2,-3.8,1986-03-04
"		105",°­¸ª,Apr-86,12.4,17.7,24.7,1986-04-14,6.7,-0.5,1986-04-07
"		105",°­¸ª,May-86,17.6,22.9,32.3,1986-05-08,12,4.9,1986-05-10
"		105",°­¸ª,Jun-86,18.3,21.7,34,1986-06-08,15.2,10.8,1986-06-06
"		105",°­¸ª,Jul-86,21.2,24.7,35.8,1986-07-28,18.5,14.1,1986-07-02
"		105",°­¸ª,Aug-86,24,27.9,34.1,1986-08-19,20.9,15.8,1986-08-23
"		105",°­¸ª,Sep-86,19,23.3,30.9,1986-09-05,15.2,10.2,1986-09-30
"		105",°­¸ª,Oct-86,12.8,17.3,23.6,1986-10-05,8.8,2.4,1986-10-30
"		105",°­¸ª,Nov-86,8.3,12.9,19.6,1986-11-13,4.2,-2.1,1986-11-27
"		105",°­¸ª,Dec-86,4.9,9.3,18.1,1986-12-09,1.6,-4.9,1986-12-29
"		105",°­¸ª,Jan-87,0.7,5.4,10.7,1987-01-16,-2.9,-8.9,1987-01-14
"		105",°­¸ª,Feb-87,2.3,6.4,16.9,1987-02-10,-1.2,-7.6,1987-02-27
"		105",°­¸ª,Mar-87,5.2,9.6,18,1987-03-29,1.3,-5.8,1987-03-02
"		105",°­¸ª,Apr-87,12.8,18.4,27.9,1987-04-20,7.4,0.5,1987-04-01
"		105",°­¸ª,May-87,18.7,24,32.5,1987-05-21,13.5,6.2,1987-05-03
"		105",°­¸ª,Jun-87,21.2,26.1,36.9,1987-06-05,16.7,11.6,1987-06-16
"		105",°­¸ª,Jul-87,25,28.8,32.4,1987-07-11,21.8,17.8,1987-07-10
"		105",°­¸ª,Aug-87,23.4,26.7,31.4,1987-08-28,20.8,18,1987-08-31
"		105",°­¸ª,Sep-87,19.2,24,31.3,1987-09-20,15,8.5,1987-09-27
"		105",°­¸ª,Oct-87,16.2,21.2,30,1987-10-06,12.1,4.3,1987-10-22
"		105",°­¸ª,Nov-87,8.9,13.3,20.7,1987-11-12,5.1,-5.3,1987-11-30
"		105",°­¸ª,Dec-87,4.2,8.8,17.4,1987-12-28,0.5,-7.2,1987-12-02
"		105",°­¸ª,Jan-88,1.9,6.4,12.1,1988-01-14,-2.3,-11.3,1988-01-24
"		105",°­¸ª,Feb-88,0.1,4.8,10.5,1988-02-22,-3.9,-11.8,1988-02-03
"		105",°­¸ª,Mar-88,4.8,9.5,20.2,1988-03-13,0.4,-5.8,1988-03-03
"		105",°­¸ª,Apr-88,13.5,18.7,29.2,1988-04-28,8.8,2.3,1988-04-08
"		105",°­¸ª,May-88,17.9,23,34.4,1988-05-18,13,6.1,1988-05-09
"		105",°­¸ª,Jun-88,20.5,24.5,30.5,1988-06-07,17.2,13.9,1988-06-10
"		105",°­¸ª,Jul-88,22,25,32.3,1988-07-07,19.8,14.4,1988-07-31
"		105",°­¸ª,Aug-88,25.1,29,34.7,1988-08-03,21.9,16.9,1988-08-01
"		105",°­¸ª,Sep-88,20,23.9,28.4,1988-09-09,16.7,12.4,1988-09-26
"		105",°­¸ª,Oct-88,15.6,20.9,27.9,1988-10-10,11.4,4.5,1988-10-30
"		105",°­¸ª,Nov-88,8.1,12.8,20.6,1988-11-08,4.1,-4,1988-11-26
"		105",°­¸ª,Dec-88,3.7,8.5,16.8,1988-12-07,-0.1,-8.7,1988-12-16
"		105",°­¸ª,Jan-89,2.2,6.2,10.9,1989-01-01,-0.8,-9.5,1989-01-28
"		105",°­¸ª,Feb-89,3.7,8.1,14.6,1989-02-28,0.4,-6.2,1989-02-02
"		105",°­¸ª,Mar-89,6.7,10.8,18.6,1989-03-31,3,-4.3,1989-03-08
"		105",°­¸ª,Apr-89,14.5,19.8,26.6,1989-04-13,8.5,3.4,1989-04-02
"		105",°­¸ª,May-89,18.2,23.3,34.1,1989-05-31,13.2,6.6,1989-05-07
"		105",°­¸ª,Jun-89,19.9,23.9,33,1989-06-26,15.9,9.2,1989-06-11
"		105",°­¸ª,Jul-89,23.1,27.3,36.7,1989-07-20,19.7,13.1,1989-07-07
"		105",°­¸ª,Aug-89,23.7,27.7,33.9,1989-08-12,20.3,17.8,1989-08-25
"		105",°­¸ª,Sep-89,20.1,24.1,29.5,1989-09-02,16.9,12.9,1989-09-20
"		105",°­¸ª,Oct-89,15.1,20.1,26.7,1989-10-24,10.8,3.2,1989-10-17
"		105",°­¸ª,Nov-89,8.9,13,21,1989-11-02,5.7,-4.3,1989-11-30
"		105",°­¸ª,Dec-89,4.5,8.8,18.7,1989-12-04,1,-5.9,1989-12-27
"		105",°­¸ª,Jan-90,-0.3,4.2,11.6,1990-01-09,-3.9,-12.9,1990-01-24
"		105",°­¸ª,Feb-90,3.2,6.6,12.3,1990-02-17,0.7,-4.3,1990-02-02
"		105",°­¸ª,Mar-90,8,12.6,19,1990-03-10,4,-0.8,1990-03-08
"		105",°­¸ª,Apr-90,11.9,16.7,25,1990-04-11,7.2,2.8,1990-04-18
"		105",°­¸ª,May-90,18,22.4,31.8,1990-05-09,13.9,8,1990-05-02
"		105",°­¸ª,Jun-90,21,24.6,33.8,1990-06-23,17.8,14.1,1990-06-07
"		105",°­¸ª,Jul-90,23.5,26.6,35.4,1990-07-28,20.8,15.3,1990-07-01
"		105",°­¸ª,Aug-90,26.3,30.6,34.6,1990-08-01,22.9,19.3,1990-08-29
"		105",°­¸ª,Sep-90,19.9,24.2,33,1990-09-02,16.5,12,1990-09-19
"		105",°­¸ª,Oct-90,15.6,20.9,25.8,1990-10-05,11.6,5.6,1990-10-10
"		105",°­¸ª,Nov-90,11.8,15.8,23,1990-11-16,8,-1.7,1990-11-21
"		105",°­¸ª,Dec-90,4,8.8,16.1,1990-12-09,0,-9.1,1990-12-27
"		105",°­¸ª,Jan-91,0.3,5.2,11.2,1991-01-20,-3.1,-10.2,1991-01-05
"		105",°­¸ª,Feb-91,0.8,5.2,11.2,1991-02-12,-2.8,-13.3,1991-02-23
"		105",°­¸ª,Mar-91,5.5,9.5,21.1,1991-03-19,2,-2.7,1991-03-15
"		105",°­¸ª,Apr-91,12.7,18,26.8,1991-04-28,7.5,-1.2,1991-04-01
"		105",°­¸ª,May-91,17.1,21.7,31,1991-05-22,12.2,5.8,1991-05-04
"		105",°­¸ª,Jun-91,23.2,27.4,35.2,1991-06-28,18.9,14.1,1991-06-01
"		105",°­¸ª,Jul-91,24.6,28.1,32.9,1991-07-21,21.3,18.2,1991-07-07
"		105",°­¸ª,Aug-91,22.4,25.8,31,1991-08-01,19.3,14.4,1991-08-28
"		105",°­¸ª,Sep-91,20.4,24.7,30.3,1991-09-01,16.8,12,1991-09-29
"		105",°­¸ª,Oct-91,15,20.2,29.8,1991-10-02,10.3,4.5,1991-10-20
"		105",°­¸ª,Nov-91,9.5,14.8,20.8,1991-11-03,4.8,-0.5,1991-11-25
"		105",°­¸ª,Dec-91,4.9,9.4,19.7,1991-12-06,1.1,-8.3,1991-12-12
"		105",°­¸ª,Jan-92,2.6,7.3,13.6,1992-01-11,-0.6,-7.6,1992-01-19
"		105",°­¸ª,Feb-92,2.9,7.7,21.3,1992-02-28,-1.3,-6.2,1992-02-20
"		105",°­¸ª,Mar-92,6.4,10.6,19.9,1992-03-13,2.5,-3.6,1992-03-07
"		105",°­¸ª,Apr-92,13.6,18.3,29.4,1992-04-26,9.1,3.2,1992-04-08
"		105",°­¸ª,May-92,16.1,20.4,30.3,1992-05-20,11,6,1992-05-11
"		105",°­¸ª,Jun-92,20.5,25.1,32.3,1992-06-03,15.9,12,1992-06-20
"		105",°­¸ª,Jul-92,26.1,29.9,37.4,1992-07-29,22.3,17.6,1992-07-06
"		105",°­¸ª,Aug-92,22.4,25.1,29.6,1992-08-23,19.9,16.7,1992-08-26
"		105",°­¸ª,Sep-92,20.7,24.8,32.7,1992-09-04,17,10.2,1992-09-27
"		105",°­¸ª,Oct-92,14.2,18.9,26.3,1992-10-02,10.4,6.6,1992-10-26
"		105",°­¸ª,Nov-92,9,13.7,20.2,1992-11-19,4.4,-5.4,1992-11-27
"		105",°­¸ª,Dec-92,4.1,8.6,17.6,1992-12-01,0.3,-6.9,1992-12-23
"		105",°­¸ª,Jan-93,0.9,4.7,12.3,1993-01-01,-2.6,-9,1993-01-28
"		105",°­¸ª,Feb-93,3.1,7.5,21.4,1993-02-06,-1,-6.8,1993-02-24
"		105",°­¸ª,Mar-93,6.1,10.6,18.1,1993-03-25,1.7,-5.2,1993-03-02
"		105",°­¸ª,Apr-93,11.6,16.2,29.1,1993-04-18,7.2,0.9,1993-04-10
"		105",°­¸ª,May-93,16.9,21.3,31.2,1993-05-19,12.1,5.3,1993-05-03
"		105",°­¸ª,Jun-93,19.3,23,31.8,1993-06-27,16.1,10.7,1993-06-04
"		105",°­¸ª,Jul-93,20.4,23.2,31.4,1993-07-31,17.7,13.7,1993-07-03
"		105",°­¸ª,Aug-93,21.7,25,31.8,1993-08-23,18.4,15.7,1993-08-27
"		105",°­¸ª,Sep-93,20.6,25,30.5,1993-09-15,16,12,1993-09-30
"		105",°­¸ª,Oct-93,14.4,19.3,28,1993-10-09,9.6,3.4,1993-10-31
"		105",°­¸ª,Nov-93,10,13.5,23.6,1993-11-04,6.5,-5.8,1993-11-24
"		105",°­¸ª,Dec-93,3.1,7.7,11.7,1993-12-25,-1.2,-7.1,1993-12-22
"		105",°­¸ª,Jan-94,0.8,5.1,13.1,1994-01-09,-2.6,-9.2,1994-01-19
"		105",°­¸ª,Feb-94,2,6.8,14,1994-02-18,-2.1,-9.4,1994-02-10
"		105",°­¸ª,Mar-94,5.2,9.3,16.9,1994-03-30,1.2,-3.9,1994-03-10
"		105",°­¸ª,Apr-94,13.8,18.9,25.7,1994-04-28,8.5,0.9,1994-04-09
"		105",°­¸ª,May-94,18.3,23.2,30.8,1994-05-22,13.7,8.8,1994-05-19
"		105",°­¸ª,Jun-94,21.2,25.6,32.2,1994-06-29,16.5,11.5,1994-06-21
"		105",°­¸ª,Jul-94,28,32.3,39.3,1994-07-13,24.1,19.3,1994-07-01
"		105",°­¸ª,Aug-94,27.2,31.6,38.9,1994-08-06,23.4,16.8,1994-08-23
"		105",°­¸ª,Sep-94,21.2,25.8,34,1994-09-04,17.1,12,1994-09-28
"		105",°­¸ª,Oct-94,15.4,19.7,25,1994-10-06,11.3,5.4,1994-10-31
"		105",°­¸ª,Nov-94,10.9,15.9,23.9,1994-11-09,6.7,0.8,1994-11-27
"		105",°­¸ª,Dec-94,4.6,9.3,20.2,1994-12-01,0.4,-9.6,1994-12-16
"		105",°­¸ª,Jan-95,0.8,5.6,14.2,1995-01-07,-3.5,-10,1995-01-30
"		105",°­¸ª,Feb-95,2.8,7.7,14.8,1995-02-11,-1.2,-6.3,1995-02-01
"		105",°­¸ª,Mar-95,6,10.4,17.2,1995-03-07,1.8,-2,1995-03-02
"		105",°­¸ª,Apr-95,12.9,18.3,25,1995-04-25,7.4,1.4,1995-04-01
"		105",°­¸ª,May-95,17.3,22.5,32.4,1995-05-09,11.9,7.1,1995-05-13
"		105",°­¸ª,Jun-95,18.7,22.1,29.7,1995-06-29,15.1,10.6,1995-06-05
"		105",°­¸ª,Jul-95,25.3,29.2,36.5,1995-07-26,21.6,15.9,1995-07-18
"		105",°­¸ª,Aug-95,26.8,31,35.8,1995-08-14,23,16.5,1995-08-28
"		105",°­¸ª,Sep-95,19.7,24.1,32.6,1995-09-02,15.5,10.6,1995-09-17
"		105",°­¸ª,Oct-95,16.2,21.3,31.2,1995-10-14,11.4,3.7,1995-10-31
"		105",°­¸ª,Nov-95,9,14.6,22.5,1995-11-06,4,-2.1,1995-11-24
"		105",°­¸ª,Dec-95,2.1,7.3,12.3,1995-12-02,-1.9,-9.2,1995-12-30
"		105",°­¸ª,Jan-96,0.6,5.6,11.3,1996-01-13,-3.6,-10,1996-01-09
"		105",°­¸ª,Feb-96,0.8,5.5,19.1,1996-02-13,-3.6,-12,1996-02-02
"		105",°­¸ª,Mar-96,4.8,9.7,16.6,1996-03-14,0.2,-5.9,1996-03-12
"		105",°­¸ª,Apr-96,12.4,17.1,31.7,1996-04-27,7.2,-1.1,1996-04-02
"		105",°­¸ª,May-96,16.5,21.5,31.7,1996-05-25,11.5,7.4,1996-05-15
"		105",°­¸ª,Jun-96,19.6,23.2,30.5,1996-06-02,16.3,12.8,1996-06-05
"		105",°­¸ª,Jul-96,23.6,27.3,35.7,1996-07-29,20.6,14.6,1996-07-10
"		105",°­¸ª,Aug-96,23.6,27.4,34,1996-08-12,20.6,15.2,1996-08-24
"		105",°­¸ª,Sep-96,20.6,25.4,30.6,1996-09-11,16.5,12.4,1996-09-21
"		105",°­¸ª,Oct-96,15.1,19.9,26.1,1996-10-29,11.1,4.8,1996-10-26
"		105",°­¸ª,Nov-96,8,12.4,19.6,1996-11-05,4.1,-5.6,1996-11-30
"		105",°­¸ª,Dec-96,4,8.8,16.8,1996-12-29,-0.2,-9,1996-12-01
"		105",°­¸ª,Jan-97,0.1,5,13.2,1997-01-01,-3.9,-10.1,1997-01-21
"		105",°­¸ª,Feb-97,2.7,7.5,17.7,1997-02-24,-1.8,-5.9,1997-02-22
"		105",°­¸ª,Mar-97,7.6,12.8,22.1,1997-03-29,2.6,-2.4,1997-03-23
"		105",°­¸ª,Apr-97,13.6,18.1,27.3,1997-04-27,9.3,5.1,1997-04-18
"		105",°­¸ª,May-97,17.2,21.6,28.3,1997-05-01,12.7,6.9,1997-05-09
"		105",°­¸ª,Jun-97,21.5,25.5,35.2,1997-06-24,17.4,13.8,1997-06-05
"		105",°­¸ª,Jul-97,25.5,29.6,36.2,1997-07-14,22,18.2,1997-07-18
"		105",°­¸ª,Aug-97,25.4,29.4,35.6,1997-08-31,21.9,18.2,1997-08-15
"		105",°­¸ª,Sep-97,19.3,23.7,35.8,1997-09-01,15.3,11.3,1997-09-24
"		105",°­¸ª,Oct-97,15.3,20.7,28.6,1997-10-23,9.7,-0.5,1997-10-31
"		105",°­¸ª,Nov-97,10.1,14.4,21.6,1997-11-11,6.1,-0.9,1997-11-18
"		105",°­¸ª,Dec-97,3.7,7.8,15.4,1997-12-19,0.1,-9.5,1997-12-10
"		105",°­¸ª,Jan-98,0.4,4.3,10.8,1998-01-03,-3.5,-13.1,1998-01-24
"		105",°­¸ª,Feb-98,3.6,8,15.9,1998-02-12,-0.4,-4.6,1998-02-09
"		105",°­¸ª,Mar-98,9.4,14.4,27.1,1998-03-29,4.4,-1.3,1998-03-15
"		105",°­¸ª,Apr-98,15.2,19.9,33.6,1998-04-20,10.7,1.7,1998-04-02
"		105",°­¸ª,May-98,18.9,23.9,30.3,1998-05-22,13.5,7.2,1998-05-04
"		105",°­¸ª,Jun-98,19.7,23,33.3,1998-06-27,16.6,9.3,1998-06-07
"		105",°­¸ª,Jul-98,22.8,25.3,34.1,1998-07-07,20.4,16.1,1998-07-18
"		105",°­¸ª,Aug-98,24.4,28.1,33.8,1998-08-12,21.4,17.4,1998-08-29
"		105",°­¸ª,Sep-98,22,26.4,33.8,1998-09-06,17.8,13.6,1998-09-17
"		105",°­¸ª,Oct-98,17.4,21.8,26.6,1998-10-03,13.2,6.8,1998-10-20
"		105",°­¸ª,Nov-98,9.6,14.5,24.4,1998-11-15,5.1,-3.7,1998-11-19
"		105",°­¸ª,Dec-98,5.5,9.9,16.6,1998-12-18,2,-2.7,1998-12-10
"		105",°­¸ª,Jan-99,2.6,7.3,13.5,1999-01-05,-1.2,-9.6,1999-01-09
"		105",°­¸ª,Feb-99,3.8,8.1,14.4,1999-02-17,-0.1,-8.8,1999-02-03
"		105",°­¸ª,Mar-99,6.9,11.7,18.2,1999-03-31,2,-4.1,1999-03-22
"		105",°­¸ª,Apr-99,13.1,18,27.3,1999-04-22,8.1,1.2,1999-04-03
"		105",°­¸ª,May-99,18.6,23.4,31.5,1999-05-12,13.6,7.7,1999-05-11
"		105",°­¸ª,Jun-99,22.8,26.8,35,1999-06-15,19,15.5,1999-06-23
"		105",°­¸ª,Jul-99,24.1,26.9,34.4,1999-07-25,21.4,16.7,1999-07-06
"		105",°­¸ª,Aug-99,23.9,26.8,31.5,1999-08-21,21.2,18.5,1999-08-24
"		105",°­¸ª,Sep-99,22,25.5,33.3,1999-09-08,18.5,13.7,1999-09-21
"		105",°­¸ª,Oct-99,15.6,20.2,26.4,1999-10-08,11.4,3.7,1999-10-17
"		105",°­¸ª,Nov-99,9.6,14.2,21.1,1999-11-24,5.6,-2.9,1999-11-29
"		105",°­¸ª,Dec-99,3.6,7.8,13.5,1999-12-02,0.1,-8.3,1999-12-20
"		105",°­¸ª,Jan-00,0.8,4.9,11.6,2000-01-02,-2.4,-9.4,2000-01-26
"		105",°­¸ª,Feb-00,0.9,5.9,10,2000-02-12,-3.1,-7.2,2000-02-16
"		105",°­¸ª,Mar-00,8.1,13.8,22.9,2000-03-27,2.9,-3.8,2000-03-08
"		105",°­¸ª,Apr-00,12.6,18.1,26.2,2000-04-13,7.2,2.9,2000-04-03
"		105",°­¸ª,May-00,17,22.2,33.1,2000-05-26,12.6,6.6,2000-05-07
"		105",°­¸ª,Jun-00,21.7,27,35.8,2000-06-20,17.2,11.2,2000-06-10
"		105",°­¸ª,Jul-00,27.2,31.9,36.6,2000-07-18,23.4,17.9,2000-07-09
"		105",°­¸ª,Aug-00,25.4,29.4,35.3,2000-08-11,22.5,17.4,2000-08-01
"		105",°­¸ª,Sep-00,19.7,24,34.5,2000-09-02,16.4,11.8,2000-09-27
"		105",°­¸ª,Oct-00,15.5,20.8,26.3,2000-10-08,11.3,6.9,2000-10-19
"		105",°­¸ª,Nov-00,8.6,14,23,2000-11-06,4.4,-1.1,2000-11-22
"		105",°­¸ª,Dec-00,4.1,9.2,16.2,2000-12-09,-0.4,-8,2000-12-26
"		105",°­¸ª,01-Jan,-1.3,2.9,8.6,2001-01-24,-4.9,-14.7,2001-01-15
"		105",°­¸ª,01-Feb,2.1,7,16.8,2001-02-22,-2,-8,2001-02-02
"		105",°­¸ª,01-Mar,6.5,12.2,23.3,2001-03-21,1.5,-6,2001-03-11
"		105",°­¸ª,01-Apr,14,20,28.3,2001-04-18,8.4,3.4,2001-04-21
"		105",°­¸ª,01-May,18.8,24.2,35.1,2001-05-20,14.3,6.1,2001-05-03
"		105",°­¸ª,01-Jun,22.1,26.6,36.1,2001-06-03,18.8,13.9,2001-06-16
"		105",°­¸ª,01-Jul,26.5,31,35.6,2001-07-04,22.6,17.7,2001-07-18
"		105",°­¸ª,01-Aug,24.6,29,33.9,2001-08-06,21.2,16.4,2001-08-31
"		105",°­¸ª,01-Sep,20,24.3,30.8,2001-09-17,16.2,8.7,2001-09-22
"		105",°­¸ª,01-Oct,16.3,20.9,25.8,2001-10-02,12.4,7.1,2001-10-30
"		105",°­¸ª,01-Nov,8.9,13.9,21.2,2001-11-23,5.2,-2.3,2001-11-27
"		105",°­¸ª,01-Dec,2.1,6.6,12.5,2001-12-12,-1.3,-6,2001-12-14
"		105",°­¸ª,02-Jan,1.5,5.7,16,2002-01-12,-2.1,-10.3,2002-01-02
"		105",°­¸ª,02-Feb,4.8,9.3,14,2002-02-20,0.5,-5.6,2002-02-19
"		105",°­¸ª,02-Mar,9.7,14.7,23.4,2002-03-20,4.5,-1.1,2002-03-07
"		105",°­¸ª,02-Apr,14.3,19.6,30,2002-04-14,9.5,3.1,2002-04-04
"		105",°­¸ª,02-May,17.1,21.3,30.3,2002-05-21,12.6,6.3,2002-05-02
"		105",°­¸ª,02-Jun,21.3,25.7,34.8,2002-06-07,16.9,13,2002-06-26
"		105",°­¸ª,02-Jul,23.6,26.8,35.5,2002-07-31,20.7,17.4,2002-07-11
"		105",°­¸ª,02-Aug,23.4,26.4,34.2,2002-08-02,21.2,16.7,2002-08-13
"		105",°­¸ª,02-Sep,19.5,23.5,33.8,2002-09-02,16,12.9,2002-09-08
"		105",°­¸ª,02-Oct,14,18.5,25.9,2002-10-16,9.8,1.8,2002-10-29
"		105",°­¸ª,02-Nov,6.3,10.9,21.1,2002-11-11,2.3,-1.7,2002-11-27
"		105",°­¸ª,02-Dec,2.6,6.2,16,2002-12-04,-0.4,-7.8,2002-12-10
"		105",°­¸ª,03-Jan,-0.4,3.7,10,2003-01-13,-4,-13.9,2003-01-05
"		105",°­¸ª,03-Feb,2.7,6.4,11.9,2003-02-26,-0.8,-5.2,2003-02-12
"		105",°­¸ª,03-Mar,5.9,9.9,20.1,2003-03-26,2.2,-5.5,2003-03-04
"		105",°­¸ª,03-Apr,12.8,17.5,28.2,2003-04-16,8.1,1.6,2003-04-10
"		105",°­¸ª,03-May,16.2,20,27.2,2003-05-01,12.6,5.6,2003-05-09
"		105",°­¸ª,03-Jun,21.2,24.9,29.5,2003-06-21,17.8,12.6,2003-06-03
"		105",°­¸ª,03-Jul,21.4,24.3,28.4,2003-07-20,19,17.1,2003-07-04
"		105",°­¸ª,03-Aug,23.2,26.8,33.6,2003-08-22,20.3,16.9,2003-08-31
"		105",°­¸ª,03-Sep,20,23.7,29.2,2003-09-14,16.8,10.3,2003-09-30
"		105",°­¸ª,03-Oct,14.8,19.8,23.3,2003-10-10,10.5,5.3,2003-10-29
"		105",°­¸ª,03-Nov,10.6,14,25.6,2003-11-01,7.2,-1.4,2003-11-22
"		105",°­¸ª,03-Dec,3.8,8,14.7,2003-12-01,0.3,-7.6,2003-12-20
"		105",°­¸ª,04-Jan,0.9,5.2,11.2,2004-01-31,-2.4,-15.6,2004-01-22
"		105",°­¸ª,04-Feb,4.5,9.1,19.9,2004-02-19,0.6,-6.8,2004-02-06
"		105",°­¸ª,04-Mar,7.9,12.6,23.5,2004-03-28,3.2,-5.8,2004-03-07
"		105",°­¸ª,04-Apr,14.7,19.9,32.7,2004-04-18,9.5,2.4,2004-04-04
"		105",°­¸ª,04-May,18.2,22.9,30.7,2004-05-25,14,6.6,2004-05-01
"		105",°­¸ª,04-Jun,22,26.1,32.1,2004-06-04,18.1,12.8,2004-06-11
"		105",°­¸ª,04-Jul,24.5,27.8,36.2,2004-07-23,21.8,17.3,2004-07-14
"		105",°­¸ª,04-Aug,23.6,26.9,32.6,2004-08-07,20.7,16.6,2004-08-24
"		105",°­¸ª,04-Sep,20.6,24.5,30.7,2004-09-17,17.6,14.6,2004-09-21
"		105",°­¸ª,04-Oct,15.5,20.2,25.2,2004-10-06,10.9,6.4,2004-10-28
"		105",°­¸ª,04-Nov,11.4,16.1,23.9,2004-11-08,7.3,1.6,2004-11-30
"		105",°­¸ª,04-Dec,5.2,9.7,19.5,2004-12-03,1.4,-5.4,2004-12-29
"		105",°­¸ª,05-Jan,0.5,4.8,11.5,2005-01-28,-3,-8.3,2005-01-09
"		105",°­¸ª,05-Feb,-0.1,3.9,7.8,2005-02-15,-3.8,-12.5,2005-02-01
"		105",°­¸ª,05-Mar,5.1,9.7,19.3,2005-03-28,0.8,-5.6,2005-03-12
"		105",°­¸ª,05-Apr,13.9,18.3,32.2,2005-04-28,9.1,0.4,2005-04-04
"		105",°­¸ª,05-May,16.1,20.8,30.3,2005-05-03,11.7,6.9,2005-05-07
"		105",°­¸ª,05-Jun,22.8,27,35.5,2005-06-25,19,13.3,2005-06-05
"		105",°­¸ª,05-Jul,25.3,28.6,35.2,2005-07-20,22.5,18.1,2005-07-11
"		105",°­¸ª,05-Aug,25.9,29.9,36.5,2005-08-14,22.7,16.3,2005-08-23
"		105",°­¸ª,05-Sep,20.5,24.3,34.2,2005-09-01,17.2,12.6,2005-09-28
"		105",°­¸ª,05-Oct,15.4,20,25.2,2005-10-02,11.6,5.6,2005-10-23
"		105",°­¸ª,05-Nov,10.5,15.1,23.8,2005-11-03,6.4,-0.4,2005-11-30
"		105",°­¸ª,05-Dec,-0.6,4,11.1,2005-12-01,-4.5,-10.5,2005-12-17
"		105",°­¸ª,06-Jan,1.2,5.4,11.8,2006-01-29,-2.2,-7.4,2006-01-07
"		105",°­¸ª,06-Feb,2.5,6.7,14.6,2006-02-21,-1.3,-9.5,2006-02-03
"		105",°­¸ª,06-Mar,7.1,12,19.7,2006-03-10,1.9,-6.3,2006-03-13
"		105",°­¸ª,06-Apr,11,15.4,25.8,2006-04-30,6.8,2,2006-04-15
"		105",°­¸ª,06-May,16.9,21.6,30.3,2006-05-30,12.7,4.4,2006-05-03
"		105",°­¸ª,06-Jun,20.2,24.4,31.2,2006-06-16,17,12.8,2006-06-09
"		105",°­¸ª,06-Jul,21.9,24.7,32.9,2006-07-31,19.7,16,2006-07-05
"		105",°­¸ª,06-Aug,26.3,30,35.2,2006-08-02,23.3,18.2,2006-08-19
"		105",°­¸ª,06-Sep,19.5,23.8,30.3,2006-09-04,15.8,12,2006-09-11
"		105",°­¸ª,06-Oct,17.8,22.1,30.2,2006-10-10,14,9.1,2006-10-25
"		105",°­¸ª,06-Nov,9.3,13.2,22.2,2006-11-09,5.8,-0.3,2006-11-07
"		105",°­¸ª,06-Dec,3.7,8.3,14.7,2006-12-26,0.1,-8.6,2006-12-29
"		105",°­¸ª,07-Jan,2.8,7.2,10.8,2007-01-23,-0.6,-4.5,2007-01-31
"		105",°­¸ª,07-Feb,5.5,10.3,18.2,2007-02-22,1.5,-5.9,2007-02-02
"		105",°­¸ª,07-Mar,7,11.5,19.3,2007-03-23,2.9,-6,2007-03-06
"		105",°­¸ª,07-Apr,12.2,16.6,28,2007-04-29,7.8,2.2,2007-04-05
"		105",°­¸ª,07-May,18.3,23.1,30.3,2007-05-26,13.8,9,2007-05-10
"		105",°­¸ª,07-Jun,21.5,25.6,32.5,2007-06-27,17.2,12.5,2007-06-01
"		105",°­¸ª,07-Jul,22.7,25.5,35.7,2007-07-28,20.5,17.1,2007-07-16
"		105",°­¸ª,07-Aug,26.4,30.1,35.9,2007-08-25,23.2,18.2,2007-08-31
"		105",°­¸ª,07-Sep,20.8,23.9,32,2007-09-21,18.3,15,2007-09-28
"		105",°­¸ª,07-Oct,15.6,20.2,28.8,2007-10-07,12,5.8,2007-10-20
"		105",°­¸ª,07-Nov,9.1,13.5,20.1,2007-11-07,5.2,-2.2,2007-11-19
"		105",°­¸ª,07-Dec,4.4,8.6,12.8,2007-12-25,1.1,-6,2007-12-31
"		105",°­¸ª,08-Jan,1.1,4.9,11.5,2008-01-06,-2,-8.3,2008-01-17
"		105",°­¸ª,08-Feb,2,6.8,14.4,2008-02-22,-1.9,-7.9,2008-02-13
"		105",°­¸ª,08-Mar,7.5,12,18.4,2008-03-18,3.4,-1.2,2008-03-05
"		105",°­¸ª,08-Apr,13.8,18.5,29.3,2008-04-30,9.5,5.7,2008-04-14
"		105",°­¸ª,08-May,18.8,23.6,33,2008-05-03,14.4,7,2008-05-12
"		105",°­¸ª,08-Jun,19.8,23.3,32.8,2008-06-13,16.2,12.1,2008-06-06
"		105",°­¸ª,08-Jul,26.7,30.3,36.8,2008-07-06,23.5,17.8,2008-07-01
"		105",°­¸ª,08-Aug,24,27.2,33,2008-08-01,21.1,17.4,2008-08-21
"		105",°­¸ª,08-Sep,21.8,25.6,30.6,2008-09-16,18.5,12,2008-09-27
"		105",°­¸ª,08-Oct,18.3,22.6,28.2,2008-10-03,14.7,9.5,2008-10-25
"		105",°­¸ª,08-Nov,10.2,13.9,23.1,2008-11-06,7,-3.7,2008-11-19
"		105",°­¸ª,08-Dec,4.1,7.9,15.6,2008-12-04,0.5,-10,2008-12-06
"		105",°­¸ª,09-Jan,1.2,5.5,11.7,2009-01-22,-2.3,-9.6,2009-01-24
"		105",°­¸ª,09-Feb,5.4,9.4,21.3,2009-02-13,2.1,-6.1,2009-02-17
"		105",°­¸ª,09-Mar,7.3,11.1,24,2009-03-19,3.5,-2.1,2009-03-14
"		105",°­¸ª,09-Apr,13.1,18.2,28.4,2009-04-10,8,0.7,2009-04-01
"		105",°­¸ª,09-May,19,23.7,31.4,2009-05-20,14.5,9.3,2009-05-07
"		105",°­¸ª,09-Jun,21.6,25.5,34.1,2009-06-26,17.7,11.7,2009-06-08
"		105",°­¸ª,09-Jul,22.8,26.8,32.3,2009-07-11,19.5,16.1,2009-07-10
"		105",°­¸ª,09-Aug,23.3,26.9,33.4,2009-08-21,20.1,15.8,2009-08-31
"		105",°­¸ª,09-Sep,20.2,24.6,30.5,2009-09-06,16.4,14.1,2009-09-20
"		105",°­¸ª,09-Oct,16.4,21.4,26.4,2009-10-29,12.2,8.9,2009-10-22
"		105",°­¸ª,09-Nov,8.4,12.1,23.6,2009-11-07,5.3,-2.1,2009-11-18
"		105",°­¸ª,09-Dec,2.1,6.5,11.9,2009-12-25,-1.3,-9,2009-12-31
"		105",°­¸ª,10-Jan,-0.1,4.7,14.5,2010-01-19,-4.2,-11.5,2010-01-13
"		105",°­¸ª,10-Feb,2.4,7,21.4,2010-02-25,-1.6,-8,2010-02-03
"		105",°­¸ª,10-Mar,4,7.7,15.3,2010-03-30,0.9,-2.8,2010-03-26
"		105",°­¸ª,10-Apr,10.1,14.6,22.8,2010-04-09,5.7,0.2,2010-04-16
"		105",°­¸ª,10-May,17.4,22,31.6,2010-05-21,12.8,6.5,2010-05-12
"		105",°­¸ª,10-Jun,22,26.7,30.2,2010-06-06,17.4,7.7,2010-06-01
"		105",°­¸ª,10-Jul,25.8,29.2,36,2010-07-21,22.8,18,2010-07-14
"		105",°­¸ª,10-Aug,26.5,30.2,37.1,2010-08-05,23.6,19.7,2010-08-25
"		105",°­¸ª,10-Sep,20.7,24.4,31.9,2010-09-05,17.5,10.3,2010-09-29
"		105",°­¸ª,10-Oct,14.9,19.3,25.4,2010-10-12,11.3,2.6,2010-10-26
"		105",°­¸ª,10-Nov,9.4,14.2,20.8,2010-11-06,5,-2,2010-11-28
"		105",°­¸ª,10-Dec,2.9,7.6,19.5,2010-12-01,-1.5,-11.1,2010-12-25
"		105",°­¸ª,11-Jan,-2.8,1.9,5.4,2011-01-02,-6.7,-13.5,2011-01-16
"		105",°­¸ª,11-Feb,2.5,6.7,15.8,2011-02-24,-1.2,-8.7,2011-02-13
"		105",°­¸ª,11-Mar,5.5,10.1,20.1,2011-03-13,1.2,-5.5,2011-03-03
"		105",°­¸ª,11-Apr,11.7,16.7,26,2011-04-15,6.8,0.5,2011-04-03
"		105",°­¸ª,11-May,16,20.7,29.8,2011-05-18,12.3,7.4,2011-05-04
"		105",°­¸ª,11-Jun,22,26,34.5,2011-06-21,18,11.8,2011-06-03
"		105",°­¸ª,11-Jul,23.4,26.3,32.4,2011-07-02,21.1,17.5,2011-07-22
"		105",°­¸ª,11-Aug,25.3,28.9,35.2,2011-08-11,22.4,18.1,2011-08-22
"		105",°­¸ª,11-Sep,20.2,24.2,30.7,2011-09-15,16.9,12.1,2011-09-22
"		105",°­¸ª,11-Oct,14.8,19.6,26.1,2011-10-10,10.8,5.2,2011-10-26
"		105",°­¸ª,11-Nov,11.2,15.3,21.9,2011-11-02,7.7,-1.5,2011-11-24
"		105",°­¸ª,11-Dec,1.5,5.7,11,2011-12-14,-1.8,-7.5,2011-12-26
"		105",°­¸ª,12-Jan,-0.1,4.1,7.4,2012-01-18,-3.2,-8.6,2012-01-24
"		105",°­¸ª,12-Feb,0.4,5.1,12.2,2012-02-22,-3.8,-14.2,2012-02-02
"		105",°­¸ª,12-Mar,5.7,9.6,18.7,2012-03-29,1.9,-3.9,2012-03-12
"		105",°­¸ª,12-Apr,13.3,18.3,27.3,2012-04-24,8.6,1,2012-04-07
"		105",°­¸ª,12-May,17.6,21.9,28,2012-05-27,13.6,8.9,2012-05-12
"		105",°­¸ª,12-Jun,20.6,24.1,30.3,2012-06-18,17.5,14.2,2012-06-01
"		105",°­¸ª,12-Jul,25.3,28.9,35.6,2012-07-29,22.1,16.9,2012-07-08
"		105",°­¸ª,12-Aug,25.1,28.4,33.6,2012-08-18,22.3,17.7,2012-08-31
"		105",°­¸ª,12-Sep,20.2,24.1,29.6,2012-09-05,16.9,12.6,2012-09-30
"		105",°­¸ª,12-Oct,15.8,20.8,25.2,2012-10-14,11.4,5.5,2012-10-31
"		105",°­¸ª,12-Nov,7.8,12.3,20.1,2012-11-11,4,-0.8,2012-11-27
"		105",°­¸ª,12-Dec,-0.1,4.4,10.8,2012-12-17,-3.8,-10.1,2012-12-26
"		105",°­¸ª,13-Jan,-0.5,4,12.1,2013-01-31,-4.3,-11.1,2013-01-03
"		105",°­¸ª,13-Feb,1.8,6.7,14.6,2013-02-28,-2.5,-13,2013-02-08
"		105",°­¸ª,13-Mar,7.4,12.2,19.5,2013-03-18,2.7,-3.4,2013-03-21
"		105",°­¸ª,13-Apr,10.8,15.3,23.6,2013-04-29,6.1,1.5,2013-04-06
"		105",°­¸ª,13-May,18.1,23.1,33.7,2013-05-24,13.6,6.4,2013-05-03
"		105",°­¸ª,13-Jun,21.5,25,32.8,2013-06-16,18.4,13.2,2013-06-03
"		105",°­¸ª,13-Jul,27,30.7,34.7,2013-07-20,23.9,20.9,2013-07-14
"		105",°­¸ª,13-Aug,28.5,32.5,36.1,2013-08-16,25.3,19.4,2013-08-31
"		105",°­¸ª,13-Sep,20.8,24.6,30.8,2013-09-20,17.7,12.7,2013-09-27
"		105",°­¸ª,13-Oct,15.8,20.4,25.9,2013-10-10,11.9,6.7,2013-10-17
"		105",°­¸ª,13-Nov,8.8,13.1,21,2013-11-03,4.8,-4.3,2013-11-28
"		105",°­¸ª,13-Dec,3.1,7.2,14.6,2013-12-04,-0.3,-6.5,2013-12-28
"		105",°­¸ª,14-Jan,2.3,6.4,13.9,2014-01-29,-2,-6.7,2014-01-10
"		105",°­¸ª,14-Feb,1.3,5.3,15.3,2014-02-02,-1.8,-7,2014-02-05
"		105",°­¸ª,14-Mar,8.3,12.7,26.8,2014-03-28,3.6,-5.8,2014-03-06
"		105",°­¸ª,14-Apr,14.1,18.7,27.8,2014-04-15,9.5,1.3,2014-04-05
"		105",°­¸ª,14-May,20,24.8,33.8,2014-05-29,14.9,8.3,2014-05-01
"		105",°­¸ª,14-Jun,20.9,24.3,35.4,2014-06-01,17.9,13.8,2014-06-13
"		105",°­¸ª,14-Jul,26.1,30.1,36.1,2014-07-21,22.5,17.7,2014-07-06
"		105",°­¸ª,14-Aug,23.7,26.7,33.3,2014-08-05,20.9,15.7,2014-08-31
"		105",°­¸ª,14-Sep,20.9,25.1,31,2014-09-05,17.4,13.4,2014-09-30
"		105",°­¸ª,14-Oct,15.9,20.6,26,2014-10-25,11.8,7.8,2014-10-15
"		105",°­¸ª,14-Nov,10.5,14.5,19.8,2014-11-05,6.8,-1.5,2014-11-13
"		105",°­¸ª,14-Dec,1.1,5.6,11.1,2014-12-01,-3.2,-10,2014-12-18
"		105",°­¸ª,15-Jan,2.2,6.4,13.3,2015-01-05,-1.5,-8.1,2015-01-01
"		105",°­¸ª,15-Feb,3.1,7.4,14.1,2015-02-22,-0.6,-9.7,2015-02-09
"		105",°­¸ª,15-Mar,8.2,13.4,22.9,2015-03-30,2.9,-5.3,2015-03-10
"		105",°­¸ª,15-Apr,12.1,16.7,30.6,2015-04-26,7.5,2.1,2015-04-09
"		105",°­¸ª,15-May,20,25.1,33.9,2015-05-26,14.8,7.5,2015-05-11
"		105",°­¸ª,15-Jun,21,25.1,32.6,2015-06-01,17.2,13,2015-06-09
"		105",°­¸ª,15-Jul,23.8,27.2,36.8,2015-07-31,20.7,15.1,2015-07-05
"		105",°­¸ª,15-Aug,25.8,29.7,36.8,2015-08-04,22.4,17.4,2015-08-26
"		105",°­¸ª,15-Sep,20.2,24.4,28.6,2015-09-03,16.6,13.7,2015-09-16
"		105",°­¸ª,15-Oct,16,21,27.5,2015-10-18,11.5,3,2015-10-31
"		105",°­¸ª,15-Nov,9.9,12.9,21.4,2015-11-05,7.2,-1.3,2015-11-27
"		105",°­¸ª,15-Dec,4.9,8.9,15.2,2015-12-10,1.6,-3.6,2015-12-17
"		105",°­¸ª,16-Jan,0.4,4.7,13.8,2016-01-03,-3.1,-14.7,2016-01-24
"		105",°­¸ª,16-Feb,1.9,6,10.2,2016-02-18,-1.6,-6,2016-02-07
"		105",°­¸ª,16-Mar,7.9,12.4,22.3,2016-03-31,3.7,-5.3,2016-03-01
"		105",°­¸ª,16-Apr,14.1,19.3,28.3,2016-04-22,9.2,4,2016-04-12
"		105",°­¸ª,16-May,19.3,24.9,30.5,2016-05-28,14.2,8.6,2016-05-14
"		105",°­¸ª,16-Jun,21.9,25.9,31.5,2016-06-18,18.3,13.9,2016-06-02
"		105",°­¸ª,16-Jul,24.1,27.6,35.1,2016-07-28,21.2,17.5,2016-07-07
"		105",°­¸ª,16-Aug,25.8,29.8,35.5,2016-08-13,22.2,15.1,2016-08-27
"		105",°­¸ª,16-Sep,20.6,24.3,30.9,2016-09-01,17.6,12.6,2016-09-20
"		105",°­¸ª,16-Oct,15.6,19.8,26.2,2016-10-15,12.2,4.7,2016-10-30
"		105",°­¸ª,16-Nov,9.1,13.6,22.1,2016-11-14,4.7,-0.8,2016-11-24
"		105",°­¸ª,16-Dec,5,9.2,15.5,2016-12-19,1.2,-5.6,2016-12-16
"		105",°­¸ª,17-Jan,1.5,5.8,12.3,2017-01-07,-2,-9.6,2017-01-23
"		105",°­¸ª,17-Feb,3.5,8.4,15.5,2017-02-16,-0.8,-6.9,2017-02-10
"		105",°­¸ª,17-Mar,7.1,11.8,17.4,2017-03-30,2.8,-2.9,2017-03-08
"		105",°­¸ª,17-Apr,15.4,20.7,30.4,2017-04-30,10.3,3.2,2017-04-02
"		105",°­¸ª,17-May,20.3,25.3,33.2,2017-05-19,15.4,8.7,2017-05-02
"		105",°­¸ª,17-Jun,21.2,25.7,33,2017-06-30,17.1,11.4,2017-06-11
"		105",°­¸ª,17-Jul,26.8,30.1,37.1,2017-07-13,23.9,20,2017-07-27
"		105",°­¸ª,17-Aug,24.3,27.4,32.9,2017-08-22,21.6,17.3,2017-08-31
"		105",°­¸ª,17-Sep,21.3,25.9,30.5,2017-09-08,17.2,12.4,2017-09-29
"		105",°­¸ª,17-Oct,15.2,19.2,24.7,2017-10-09,11.8,5.7,2017-10-30
"		105",°­¸ª,17-Nov,9,13.6,21.3,2017-11-02,4.6,-2.7,2017-11-19
"		105",°­¸ª,17-Dec,1.5,5.9,12.4,2017-12-23,-2.6,-8.8,2017-12-12
"		105",°­¸ª,18-Jan,-0.2,4.4,12.5,2018-01-15,-3.9,-14.2,2018-01-24
"		105",°­¸ª,18-Feb,0.5,5.2,11.2,2018-02-14,-3.8,-10.7,2018-02-06
"		105",°­¸ª,18-Mar,9.2,14,25.8,2018-03-31,4.1,-3,2018-03-02
"		105",°­¸ª,18-Apr,14.5,19.7,32.3,2018-04-21,9.2,1.5,2018-04-07
"		105",°­¸ª,18-May,17.3,21.7,32.1,2018-05-15,13.1,5.2,2018-05-10
"		105",°­¸ª,18-Jun,23.2,27.3,34.5,2018-06-24,19.3,13.5,2018-06-17
"		105",°­¸ª,18-Jul,26.8,30.2,37.2,2018-07-16,23.9,15.9,2018-07-07
"		105",°­¸ª,18-Aug,26.2,29.9,38.2,2018-08-04,22.9,18.2,2018-08-18
"		105",°­¸ª,18-Sep,20,23.9,29.1,2018-09-05,16.5,12.1,2018-09-28
"		105",°­¸ª,18-Oct,14.1,18.5,25.9,2018-10-07,10.4,4.3,2018-10-30
"		105",°­¸ª,18-Nov,10,14.4,21.6,2018-11-03,6.6,0,2018-11-23
"		105",°­¸ª,18-Dec,2.7,7.3,14.9,2018-12-02,-1.1,-9.9,2018-12-28
"		105",°­¸ª,19-Jan,2.8,7.7,13.7,2019-01-30,-1.1,-6.2,2019-01-09
"		105",°­¸ª,19-Feb,3.8,8.2,16.5,2019-02-24,-0.1,-5,2019-02-08
"		105",°­¸ª,19-Mar,8.9,13.8,22.4,2019-03-19,4.4,0,2019-03-13
"		105",°­¸ª,19-Apr,12.6,17.1,25.1,2019-04-17,7.5,1.8,2019-04-10
"		105",°­¸ª,19-May,21,26.2,34.8,2019-05-26,15.8,8.9,2019-05-06
"		105",°­¸ª,19-Jun,21.4,26.5,34.1,2019-06-04,17.3,11.9,2019-06-12
"		105",°­¸ª,19-Jul,25.8,29.1,35.4,2019-07-23,23.1,18,2019-07-10
"		105",°­¸ª,19-Aug,26.5,30.8,36.4,2019-08-01,23.3,20.4,2019-08-31
"		105",°­¸ª,19-Sep,21.5,25.9,33.4,2019-09-07,18.2,13.8,2019-09-23
"		105",°­¸ª,19-Oct,16.6,21.6,25.1,2019-10-01,13,8.6,2019-10-28
"		105",°­¸ª,19-Nov,10.2,15.8,23.8,2019-11-24,6,0.6,2019-11-20
"		105",°­¸ª,19-Dec,5.3,10,16.5,2019-12-16,1.3,-5.6,2019-12-31
"		105",°­¸ª,20-Jan,4.4,8.1,12.5,2020-01-23,1.7,-3,2020-01-01
"		105",°­¸ª,20-Feb,5,9.6,16.7,2020-02-13,0.9,-7.1,2020-02-06
"		105",°­¸ª,20-Mar,8.7,13.9,21.7,2020-03-26,3.6,-0.3,2020-03-05
"		105",°­¸ª,20-Apr,11.8,16.4,26.8,2020-04-30,7.1,1.4,2020-04-05
"		105",°­¸ª,20-May,18.3,22.9,32.5,2020-05-01,14.3,8.3,2020-05-21
"		105",°­¸ª,20-Jun,24.1,28.2,34.5,2020-06-09,20.1,15.2,2020-06-06
"		105",°­¸ª,20-Jul,22.4,25.5,33.4,2020-07-31,19.6,14.8,2020-07-16
"		105",°­¸ª,20-Aug,27,30.5,36.5,2020-08-25,24.1,20.2,2020-08-23
"		105",°­¸ª,20-Sep,20.6,24.5,29.7,2020-09-04,17.2,11.5,2020-09-28
"		105",°­¸ª,20-Oct,15.1,20.1,26.6,2020-10-02,10.8,6.4,2020-10-24
"		105",°­¸ª,20-Nov,11,15.6,25.5,2020-11-19,6.7,-0.1,2020-11-30
"		105",°­¸ª,20-Dec,3,7.8,14.3,2020-12-28,-0.8,-10.3,2020-12-31
"		105",°­¸ª,21-Jan,0.6,5.7,15.4,2021-01-15,-3.9,-15.1,2021-01-08
"		105",°­¸ª,21-Feb,4.9,10.3,20.7,2021-02-21,0,-8.9,2021-02-18
"		105",°­¸ª,21-Mar,9.7,14.8,21.1,2021-03-11,5,-3.4,2021-03-03
"		105",°­¸ª,21-Apr,13.8,18.9,25.1,2021-04-20,8.9,2.2,2021-04-10
"		105",°­¸ª,21-May,17.9,22.5,30.9,2021-05-23,13.4,8.4,2021-05-02
"		105",°­¸ª,21-Jun,22,25.9,30.3,2021-06-07,18.4,13.9,2021-06-04
"		105",°­¸ª,21-Jul,26.7,30.8,35.6,2021-07-31,23.1,18.9,2021-07-05
"		105",°­¸ª,21-Aug,25.5,29,36.5,2021-08-05,22.7,18.4,2021-08-31
"		105",°­¸ª,21-Sep,21.7,25.5,29.6,2021-09-11,18.5,15.8,2021-09-30
"		105",°­¸ª,21-Oct,16.5,21.4,32.3,2021-10-03,12.5,2.7,2021-10-17
"		105",°­¸ª,21-Nov,11.1,16.3,22.2,2021-11-05,7,-0.2,2021-11-23
"		105",°­¸ª,21-Dec,4.4,9.5,17.1,2021-12-10,0.1,-12,2021-12-26
"		105",°­¸ª,22-Jan,1.5,6.4,10,2022-01-26,-2.4,-7.2,2022-01-12
"		105",°­¸ª,22-Feb,2,7.1,16.1,2022-02-28,-2.2,-9.2,2022-02-17
"		105",°­¸ª,22-Mar,9,13.4,21.8,2022-03-11,4.5,-0.8,2022-03-07
"		105",°­¸ª,22-Apr,16.1,21,31.3,2022-04-10,11,2.3,2022-04-02
"		105",°­¸ª,22-May,20.3,25.3,33.4,2022-05-28,15.1,8.2,2022-05-03
"		105",°­¸ª,22-Jun,23.6,27.2,35.3,2022-06-25,19.9,13.3,2022-06-08
"		105",°­¸ª,22-Jul,26.3,29.8,34.7,2022-07-03,23.6,20.4,2022-07-23
"		105",°­¸ª,22-Aug,26.6,30.1,37.7,2022-08-05,23.2,16.8,2022-08-28
"		105",°­¸ª,22-Sep,21.8,26.6,30.8,2022-09-30,17.7,11.9,2022-09-21
"		105",°­¸ª,22-Oct,15.3,19.8,32.8,2022-10-01,11.6,6.9,2022-10-26
"		105",°­¸ª,22-Nov,12.7,18.3,26.5,2022-11-12,8.2,-3,2022-11-30
"		105",°­¸ª,22-Dec,1.5,6.5,13.5,2022-12-12,-2.6,-11.3,2022-12-23
"		105",°­¸ª,23-Jan,2.4,7.5,18.7,2023-01-12,-1.5,-14,2023-01-25
"		105",°­¸ª,23-Feb,5.2,9.8,19.6,2023-02-27,1,-3.8,2023-02-22
"		105",°­¸ª,23-Mar,12.1,17.3,26.8,2023-03-30,7,0.3,2023-03-13
"		105",°­¸ª,23-Apr,15.3,20.2,28.1,2023-04-20,10.2,5.2,2023-04-17
"		105",°­¸ª,23-May,20.3,25.1,35.5,2023-05-16,15.1,7.2,2023-05-08
"		105",°­¸ª,23-Jun,23.2,27.6,34.5,2023-06-17,19,15.8,2023-06-09
"		105",°­¸ª,23-Jul,27.5,31.4,37.3,2023-07-28,24.1,18.1,2023-07-01
"		105",°­¸ª,23-Aug,26.2,29.9,38.4,2023-08-03,23.5,20.7,2023-08-27
"		105",°­¸ª,23-Sep,22.4,26.2,31.9,2023-09-19,19.3,14.5,2023-09-22
"		105",°­¸ª,23-Oct,17,22,26.7,2023-10-18,12.9,7.1,2023-10-21
"		105",°­¸ª,23-Nov,10.5,15.1,29.1,2023-11-02,6.2,-4.6,2023-11-30
"		105",°­¸ª,23-Dec,3.6,7.7,20.5,2023-12-08,-0.2,-11.1,2023-12-22
"		105",°­¸ª,24-Jan,2.2,6.1,12.5,2024-01-31,-1.4,-11.3,2024-01-24
"		105",°­¸ª,24-Feb,3.6,7.4,20.2,2024-02-14,0.6,-2.8,2024-02-24
"		105",°­¸ª,24-Mar,7,11.5,20.9,2024-03-15,2.7,-6.3,2024-03-02
"		105",°­¸ª,24-Apr,15.8,20.2,29.2,2024-04-27,11.5,2.4,2024-04-10
"		105",°­¸ª,24-May,19.5,24.7,33.3,2024-05-23,14.3,7.3,2024-05-02
"		105",°­¸ª,24-Jun,24.3,28.6,35.3,2024-06-12,20.3,12.3,2024-06-03
"		105",°­¸ª,24-Jul,27.9,31.1,37,2024-07-31,25,19.9,2024-07-11
"		105",°­¸ª,24-Aug,28.7,32.5,37.6,2024-08-02,25.2,20.7,2024-08-28
"		105",°­¸ª,24-Sep,23.1,26.9,34.2,2024-09-10,19.8,13.8,2024-09-24
"		105",°­¸ª,24-Oct,16.7,20.8,24.4,2024-10-12,13.1,9.3,2024-10-31
"		105",°­¸ª,24-Nov,11.5,15.9,25.5,2024-11-16,7.8,0.4,2024-11-27
"		105",°­¸ª,24-Dec,3.8,8,15.4,2024-12-02,0.3,-4.6,2024-12-28
"		105",°­¸ª,25-Jan,1.9,6.1,11.7,2025-01-18,-1.5,-9.6,2025-01-09
"		105",°­¸ª,25-Feb,1.8,6.5,17.5,2025-02-28,-2.3,-10.4,2025-02-05
"		105",°­¸ª,25-Mar,8,12.7,25.2,2025-03-22,3.8,-3.2,2025-03-19
"		105",°­¸ª,25-Apr,13.9,19.6,29.5,2025-04-18,8.4,3.3,2025-04-15
"		105",°­¸ª,25-May,18.3,23.1,32.1,2025-05-20,14,7.1,2025-05-07
"		105",°­¸ª,25-Jun,25,29.5,36.1,2025-06-30,20.8,12.7,2025-06-01
"		105",°­¸ª,25-Jul,28.8,32.9,38.7,2025-07-06,25.6,19.9,2025-07-14
"		105",°­¸ª,25-Aug,29,33.1,38,2025-08-22,25.5,21.7,2025-08-10
"		105",°­¸ª,25-Sep,,,34.8,2025-09-01,,15.7,2025-09-22
"		",,,,,,,,,
"	",,,,,,,,,
"	",,,,,,,,,
"	",,,,,,,,,
"	",,,,,,,,,
"		",,,,,,,,,
"	",,,,,,,,,
"	",,,,,,,,,
